Module Name,Module Type,Port Name,Direction,Width,Index,Comment Source,Comment 
TOP,Top_Level,CLK,INPUT,1,-,-,-
TOP,Top_Level,RSTN,INPUT,1,-,-,-
TOP,Top_Level,calc,INPUT,2,[1:0],-,-
TOP,Top_Level,INPUT_0,INPUT,16,[15:0],-,-
TOP,Top_Level,INPUT_1,INPUT,16,[15:0],-,-
TOP,Top_Level,INPUT_2,INPUT,16,[15:0],-,-
TOP,Top_Level,INPUT_3,INPUT,16,[15:0],-,-
TOP,Top_Level,INPUT_4,INPUT,16,[15:0],-,-
TOP,Top_Level,INPUT_5,INPUT,16,[15:0],-,-
TOP,Top_Level,INPUT_6,INPUT,16,[15:0],-,-
TOP,Top_Level,INPUT_7,INPUT,16,[15:0],-,-
TOP,Top_Level,INPUT_8,INPUT,16,[15:0],-,-
TOP,Top_Level,INPUT_9,INPUT,16,[15:0],-,-
TOP,Top_Level,INPUT_10,INPUT,16,[15:0],-,-
TOP,Top_Level,INPUT_11,INPUT,16,[15:0],-,-
TOP,Top_Level,INPUT_12,INPUT,16,[15:0],-,-
TOP,Top_Level,INPUT_13,INPUT,16,[15:0],-,-
TOP,Top_Level,INPUT_14,INPUT,16,[15:0],-,-
TOP,Top_Level,INPUT_15,INPUT,16,[15:0],-,-
TOP,Top_Level,INPUT_16,INPUT,16,[15:0],-,-
TOP,Top_Level,INPUT_17,INPUT,16,[15:0],-,-
TOP,Top_Level,INPUT_18,INPUT,16,[15:0],-,-
TOP,Top_Level,INPUT_19,INPUT,16,[15:0],-,-
TOP,Top_Level,INPUT_20,INPUT,16,[15:0],-,-
TOP,Top_Level,INPUT_21,INPUT,16,[15:0],-,-
TOP,Top_Level,INPUT_22,INPUT,16,[15:0],-,-
TOP,Top_Level,INPUT_23,INPUT,16,[15:0],-,-
TOP,Top_Level,INPUT_24,INPUT,16,[15:0],-,-
TOP,Top_Level,INPUT_25,INPUT,16,[15:0],-,-
TOP,Top_Level,INPUT_26,INPUT,16,[15:0],-,-
TOP,Top_Level,INPUT_27,INPUT,16,[15:0],-,-
TOP,Top_Level,INPUT_28,INPUT,16,[15:0],-,-
TOP,Top_Level,INPUT_29,INPUT,16,[15:0],-,-
TOP,Top_Level,INPUT_30,INPUT,16,[15:0],-,-
TOP,Top_Level,INPUT_31,INPUT,16,[15:0],-,-
TOP,Top_Level,INPUT_32,INPUT,16,[15:0],-,-
TOP,Top_Level,INPUT_33,INPUT,16,[15:0],-,-
TOP,Top_Level,INPUT_34,INPUT,16,[15:0],-,-
TOP,Top_Level,INPUT_35,INPUT,16,[15:0],-,-
TOP,Top_Level,INPUT_36,INPUT,16,[15:0],-,-
TOP,Top_Level,INPUT_37,INPUT,16,[15:0],-,-
TOP,Top_Level,INPUT_38,INPUT,16,[15:0],-,-
TOP,Top_Level,INPUT_39,INPUT,16,[15:0],-,-
TOP,Top_Level,INPUT_40,INPUT,16,[15:0],-,-
TOP,Top_Level,INPUT_41,INPUT,16,[15:0],-,-
TOP,Top_Level,INPUT_42,INPUT,16,[15:0],-,-
TOP,Top_Level,INPUT_43,INPUT,16,[15:0],-,-
TOP,Top_Level,INPUT_44,INPUT,16,[15:0],-,-
TOP,Top_Level,INPUT_45,INPUT,16,[15:0],-,-
TOP,Top_Level,INPUT_46,INPUT,16,[15:0],-,-
TOP,Top_Level,INPUT_47,INPUT,16,[15:0],-,-
TOP,Top_Level,INPUT_48,INPUT,16,[15:0],-,-
TOP,Top_Level,INPUT_49,INPUT,16,[15:0],-,-
TOP,Top_Level,INPUT_50,INPUT,16,[15:0],-,-
TOP,Top_Level,INPUT_51,INPUT,16,[15:0],-,-
TOP,Top_Level,INPUT_52,INPUT,16,[15:0],-,-
TOP,Top_Level,INPUT_53,INPUT,16,[15:0],-,-
TOP,Top_Level,INPUT_54,INPUT,16,[15:0],-,-
TOP,Top_Level,INPUT_55,INPUT,16,[15:0],-,-
TOP,Top_Level,INPUT_56,INPUT,16,[15:0],-,-
TOP,Top_Level,INPUT_57,INPUT,16,[15:0],-,-
TOP,Top_Level,INPUT_58,INPUT,16,[15:0],-,-
TOP,Top_Level,INPUT_59,INPUT,16,[15:0],-,-
TOP,Top_Level,INPUT_60,INPUT,16,[15:0],-,-
TOP,Top_Level,INPUT_61,INPUT,16,[15:0],-,-
TOP,Top_Level,INPUT_62,INPUT,16,[15:0],-,-
TOP,Top_Level,INPUT_63,INPUT,16,[15:0],-,-
TOP,Top_Level,INPUT_64,INPUT,16,[15:0],-,-
TOP,Top_Level,INPUT_65,INPUT,16,[15:0],-,-
TOP,Top_Level,INPUT_66,INPUT,16,[15:0],-,-
TOP,Top_Level,INPUT_67,INPUT,16,[15:0],-,-
TOP,Top_Level,INPUT_68,INPUT,16,[15:0],-,-
TOP,Top_Level,INPUT_69,INPUT,16,[15:0],-,-
TOP,Top_Level,INPUT_70,INPUT,16,[15:0],-,-
TOP,Top_Level,INPUT_71,INPUT,16,[15:0],-,-
TOP,Top_Level,INPUT_72,INPUT,16,[15:0],-,-
TOP,Top_Level,INPUT_73,INPUT,16,[15:0],-,-
TOP,Top_Level,INPUT_74,INPUT,16,[15:0],-,-
TOP,Top_Level,INPUT_75,INPUT,16,[15:0],-,-
TOP,Top_Level,INPUT_76,INPUT,16,[15:0],-,-
TOP,Top_Level,INPUT_77,INPUT,16,[15:0],-,-
TOP,Top_Level,INPUT_78,INPUT,16,[15:0],-,-
TOP,Top_Level,INPUT_79,INPUT,16,[15:0],-,-
TOP,Top_Level,INPUT_80,INPUT,16,[15:0],-,-
TOP,Top_Level,INPUT_81,INPUT,16,[15:0],-,-
TOP,Top_Level,INPUT_82,INPUT,16,[15:0],-,-
TOP,Top_Level,INPUT_83,INPUT,16,[15:0],-,-
TOP,Top_Level,INPUT_84,INPUT,16,[15:0],-,-
TOP,Top_Level,INPUT_85,INPUT,16,[15:0],-,-
TOP,Top_Level,INPUT_86,INPUT,16,[15:0],-,-
TOP,Top_Level,INPUT_87,INPUT,16,[15:0],-,-
TOP,Top_Level,INPUT_88,INPUT,16,[15:0],-,-
TOP,Top_Level,INPUT_89,INPUT,16,[15:0],-,-
TOP,Top_Level,INPUT_90,INPUT,16,[15:0],-,-
TOP,Top_Level,INPUT_91,INPUT,16,[15:0],-,-
TOP,Top_Level,INPUT_92,INPUT,16,[15:0],-,-
TOP,Top_Level,INPUT_93,INPUT,16,[15:0],-,-
TOP,Top_Level,INPUT_94,INPUT,16,[15:0],-,-
TOP,Top_Level,INPUT_95,INPUT,16,[15:0],-,-
TOP,Top_Level,INPUT_96,INPUT,16,[15:0],-,-
TOP,Top_Level,INPUT_97,INPUT,16,[15:0],-,-
TOP,Top_Level,INPUT_98,INPUT,16,[15:0],-,-
TOP,Top_Level,INPUT_99,INPUT,16,[15:0],-,-
TOP,Top_Level,INPUT_100,INPUT,16,[15:0],-,-
TOP,Top_Level,INPUT_101,INPUT,16,[15:0],-,-
TOP,Top_Level,INPUT_102,INPUT,16,[15:0],-,-
TOP,Top_Level,INPUT_103,INPUT,16,[15:0],-,-
TOP,Top_Level,INPUT_104,INPUT,16,[15:0],-,-
TOP,Top_Level,INPUT_105,INPUT,16,[15:0],-,-
TOP,Top_Level,INPUT_106,INPUT,16,[15:0],-,-
TOP,Top_Level,INPUT_107,INPUT,16,[15:0],-,-
TOP,Top_Level,INPUT_108,INPUT,16,[15:0],-,-
TOP,Top_Level,INPUT_109,INPUT,16,[15:0],-,-
TOP,Top_Level,INPUT_110,INPUT,16,[15:0],-,-
TOP,Top_Level,INPUT_111,INPUT,16,[15:0],-,-
TOP,Top_Level,INPUT_112,INPUT,16,[15:0],-,-
TOP,Top_Level,INPUT_113,INPUT,16,[15:0],-,-
TOP,Top_Level,INPUT_114,INPUT,16,[15:0],-,-
TOP,Top_Level,INPUT_115,INPUT,16,[15:0],-,-
TOP,Top_Level,INPUT_116,INPUT,16,[15:0],-,-
TOP,Top_Level,INPUT_117,INPUT,16,[15:0],-,-
TOP,Top_Level,INPUT_118,INPUT,16,[15:0],-,-
TOP,Top_Level,INPUT_119,INPUT,16,[15:0],-,-
TOP,Top_Level,INPUT_120,INPUT,16,[15:0],-,-
TOP,Top_Level,INPUT_121,INPUT,16,[15:0],-,-
TOP,Top_Level,INPUT_122,INPUT,16,[15:0],-,-
TOP,Top_Level,INPUT_123,INPUT,16,[15:0],-,-
TOP,Top_Level,INPUT_124,INPUT,16,[15:0],-,-
TOP,Top_Level,INPUT_125,INPUT,16,[15:0],-,-
TOP,Top_Level,INPUT_126,INPUT,16,[15:0],-,-
TOP,Top_Level,INPUT_127,INPUT,16,[15:0],-,-
TOP,Top_Level,INPUT_128,INPUT,16,[15:0],-,-
TOP,Top_Level,INPUT_129,INPUT,16,[15:0],-,-
TOP,Top_Level,INPUT_130,INPUT,16,[15:0],-,-
TOP,Top_Level,INPUT_131,INPUT,16,[15:0],-,-
TOP,Top_Level,INPUT_132,INPUT,16,[15:0],-,-
TOP,Top_Level,INPUT_133,INPUT,16,[15:0],-,-
TOP,Top_Level,INPUT_134,INPUT,16,[15:0],-,-
TOP,Top_Level,INPUT_135,INPUT,16,[15:0],-,-
TOP,Top_Level,INPUT_136,INPUT,16,[15:0],-,-
TOP,Top_Level,INPUT_137,INPUT,16,[15:0],-,-
TOP,Top_Level,INPUT_138,INPUT,16,[15:0],-,-
TOP,Top_Level,INPUT_139,INPUT,16,[15:0],-,-
TOP,Top_Level,INPUT_140,INPUT,16,[15:0],-,-
TOP,Top_Level,INPUT_141,INPUT,16,[15:0],-,-
TOP,Top_Level,INPUT_142,INPUT,16,[15:0],-,-
TOP,Top_Level,INPUT_143,INPUT,16,[15:0],-,-
TOP,Top_Level,INPUT_144,INPUT,16,[15:0],-,-
TOP,Top_Level,INPUT_145,INPUT,16,[15:0],-,-
TOP,Top_Level,INPUT_146,INPUT,16,[15:0],-,-
TOP,Top_Level,INPUT_147,INPUT,16,[15:0],-,-
TOP,Top_Level,INPUT_148,INPUT,16,[15:0],-,-
TOP,Top_Level,INPUT_149,INPUT,16,[15:0],-,-
TOP,Top_Level,INPUT_150,INPUT,16,[15:0],-,-
TOP,Top_Level,INPUT_151,INPUT,16,[15:0],-,-
TOP,Top_Level,INPUT_152,INPUT,16,[15:0],-,-
TOP,Top_Level,INPUT_153,INPUT,16,[15:0],-,-
TOP,Top_Level,INPUT_154,INPUT,16,[15:0],-,-
TOP,Top_Level,INPUT_155,INPUT,16,[15:0],-,-
TOP,Top_Level,INPUT_156,INPUT,16,[15:0],-,-
TOP,Top_Level,INPUT_157,INPUT,16,[15:0],-,-
TOP,Top_Level,INPUT_158,INPUT,16,[15:0],-,-
TOP,Top_Level,INPUT_159,INPUT,16,[15:0],-,-
TOP,Top_Level,INPUT_160,INPUT,16,[15:0],-,-
TOP,Top_Level,INPUT_161,INPUT,16,[15:0],-,-
TOP,Top_Level,INPUT_162,INPUT,16,[15:0],-,-
TOP,Top_Level,INPUT_163,INPUT,16,[15:0],-,-
TOP,Top_Level,INPUT_164,INPUT,16,[15:0],-,-
TOP,Top_Level,INPUT_165,INPUT,16,[15:0],-,-
TOP,Top_Level,INPUT_166,INPUT,16,[15:0],-,-
TOP,Top_Level,INPUT_167,INPUT,16,[15:0],-,-
TOP,Top_Level,INPUT_168,INPUT,16,[15:0],-,-
TOP,Top_Level,INPUT_169,INPUT,16,[15:0],-,-
TOP,Top_Level,INPUT_170,INPUT,16,[15:0],-,-
TOP,Top_Level,INPUT_171,INPUT,16,[15:0],-,-
TOP,Top_Level,INPUT_172,INPUT,16,[15:0],-,-
TOP,Top_Level,INPUT_173,INPUT,16,[15:0],-,-
TOP,Top_Level,INPUT_174,INPUT,16,[15:0],-,-
TOP,Top_Level,INPUT_175,INPUT,16,[15:0],-,-
TOP,Top_Level,INPUT_176,INPUT,16,[15:0],-,-
TOP,Top_Level,INPUT_177,INPUT,16,[15:0],-,-
TOP,Top_Level,INPUT_178,INPUT,16,[15:0],-,-
TOP,Top_Level,INPUT_179,INPUT,16,[15:0],-,-
TOP,Top_Level,INPUT_180,INPUT,16,[15:0],-,-
TOP,Top_Level,INPUT_181,INPUT,16,[15:0],-,-
TOP,Top_Level,INPUT_182,INPUT,16,[15:0],-,-
TOP,Top_Level,INPUT_183,INPUT,16,[15:0],-,-
TOP,Top_Level,INPUT_184,INPUT,16,[15:0],-,-
TOP,Top_Level,INPUT_185,INPUT,16,[15:0],-,-
TOP,Top_Level,INPUT_186,INPUT,16,[15:0],-,-
TOP,Top_Level,INPUT_187,INPUT,16,[15:0],-,-
TOP,Top_Level,INPUT_188,INPUT,16,[15:0],-,-
TOP,Top_Level,INPUT_189,INPUT,16,[15:0],-,-
TOP,Top_Level,INPUT_190,INPUT,16,[15:0],-,-
TOP,Top_Level,INPUT_191,INPUT,16,[15:0],-,-
TOP,Top_Level,INPUT_192,INPUT,16,[15:0],-,-
TOP,Top_Level,INPUT_193,INPUT,16,[15:0],-,-
TOP,Top_Level,INPUT_194,INPUT,16,[15:0],-,-
TOP,Top_Level,INPUT_195,INPUT,16,[15:0],-,-
TOP,Top_Level,INPUT_196,INPUT,16,[15:0],-,-
TOP,Top_Level,INPUT_197,INPUT,16,[15:0],-,-
TOP,Top_Level,INPUT_198,INPUT,16,[15:0],-,-
TOP,Top_Level,INPUT_199,INPUT,16,[15:0],-,-
TOP,Top_Level,INPUT_200,INPUT,16,[15:0],-,-
TOP,Top_Level,INPUT_201,INPUT,16,[15:0],-,-
TOP,Top_Level,INPUT_202,INPUT,16,[15:0],-,-
TOP,Top_Level,INPUT_203,INPUT,16,[15:0],-,-
TOP,Top_Level,INPUT_204,INPUT,16,[15:0],-,-
TOP,Top_Level,INPUT_205,INPUT,16,[15:0],-,-
TOP,Top_Level,INPUT_206,INPUT,16,[15:0],-,-
TOP,Top_Level,INPUT_207,INPUT,16,[15:0],-,-
TOP,Top_Level,INPUT_208,INPUT,16,[15:0],-,-
TOP,Top_Level,INPUT_209,INPUT,16,[15:0],-,-
TOP,Top_Level,INPUT_210,INPUT,16,[15:0],-,-
TOP,Top_Level,INPUT_211,INPUT,16,[15:0],-,-
TOP,Top_Level,INPUT_212,INPUT,16,[15:0],-,-
TOP,Top_Level,INPUT_213,INPUT,16,[15:0],-,-
TOP,Top_Level,INPUT_214,INPUT,16,[15:0],-,-
TOP,Top_Level,INPUT_215,INPUT,16,[15:0],-,-
TOP,Top_Level,INPUT_216,INPUT,16,[15:0],-,-
TOP,Top_Level,INPUT_217,INPUT,16,[15:0],-,-
TOP,Top_Level,INPUT_218,INPUT,16,[15:0],-,-
TOP,Top_Level,INPUT_219,INPUT,16,[15:0],-,-
TOP,Top_Level,INPUT_220,INPUT,16,[15:0],-,-
TOP,Top_Level,INPUT_221,INPUT,16,[15:0],-,-
TOP,Top_Level,INPUT_222,INPUT,16,[15:0],-,-
TOP,Top_Level,INPUT_223,INPUT,16,[15:0],-,-
TOP,Top_Level,INPUT_224,INPUT,16,[15:0],-,-
TOP,Top_Level,INPUT_225,INPUT,16,[15:0],-,-
TOP,Top_Level,INPUT_226,INPUT,16,[15:0],-,-
TOP,Top_Level,INPUT_227,INPUT,16,[15:0],-,-
TOP,Top_Level,INPUT_228,INPUT,16,[15:0],-,-
TOP,Top_Level,INPUT_229,INPUT,16,[15:0],-,-
TOP,Top_Level,INPUT_230,INPUT,16,[15:0],-,-
TOP,Top_Level,INPUT_231,INPUT,16,[15:0],-,-
TOP,Top_Level,INPUT_232,INPUT,16,[15:0],-,-
TOP,Top_Level,INPUT_233,INPUT,16,[15:0],-,-
TOP,Top_Level,INPUT_234,INPUT,16,[15:0],-,-
TOP,Top_Level,INPUT_235,INPUT,16,[15:0],-,-
TOP,Top_Level,INPUT_236,INPUT,16,[15:0],-,-
TOP,Top_Level,INPUT_237,INPUT,16,[15:0],-,-
TOP,Top_Level,INPUT_238,INPUT,16,[15:0],-,-
TOP,Top_Level,INPUT_239,INPUT,16,[15:0],-,-
TOP,Top_Level,INPUT_240,INPUT,16,[15:0],-,-
TOP,Top_Level,INPUT_241,INPUT,16,[15:0],-,-
TOP,Top_Level,INPUT_242,INPUT,16,[15:0],-,-
TOP,Top_Level,INPUT_243,INPUT,16,[15:0],-,-
TOP,Top_Level,INPUT_244,INPUT,16,[15:0],-,-
TOP,Top_Level,INPUT_245,INPUT,16,[15:0],-,-
TOP,Top_Level,INPUT_246,INPUT,16,[15:0],-,-
TOP,Top_Level,INPUT_247,INPUT,16,[15:0],-,-
TOP,Top_Level,INPUT_248,INPUT,16,[15:0],-,-
TOP,Top_Level,INPUT_249,INPUT,16,[15:0],-,-
TOP,Top_Level,INPUT_250,INPUT,16,[15:0],-,-
TOP,Top_Level,INPUT_251,INPUT,16,[15:0],-,-
TOP,Top_Level,INPUT_252,INPUT,16,[15:0],-,-
TOP,Top_Level,INPUT_253,INPUT,16,[15:0],-,-
TOP,Top_Level,INPUT_254,INPUT,16,[15:0],-,-
TOP,Top_Level,INPUT_255,INPUT,16,[15:0],-,-
TOP,Top_Level,MXINT_0,OUTPUT,16,[15:0],-,-
TOP,Top_Level,MXINT_1,OUTPUT,16,[15:0],-,-
TOP,Top_Level,MXINT_2,OUTPUT,16,[15:0],-,-
TOP,Top_Level,MXINT_3,OUTPUT,16,[15:0],-,-
TOP,Top_Level,MXINT_4,OUTPUT,16,[15:0],-,-
TOP,Top_Level,MXINT_5,OUTPUT,16,[15:0],-,-
TOP,Top_Level,MXINT_6,OUTPUT,16,[15:0],-,-
TOP,Top_Level,MXINT_7,OUTPUT,16,[15:0],-,-
TOP,Top_Level,MXINT_8,OUTPUT,16,[15:0],-,-
TOP,Top_Level,MXINT_9,OUTPUT,16,[15:0],-,-
TOP,Top_Level,MXINT_10,OUTPUT,16,[15:0],-,-
TOP,Top_Level,MXINT_11,OUTPUT,16,[15:0],-,-
TOP,Top_Level,MXINT_12,OUTPUT,16,[15:0],-,-
TOP,Top_Level,MXINT_13,OUTPUT,16,[15:0],-,-
TOP,Top_Level,MXINT_14,OUTPUT,16,[15:0],-,-
TOP,Top_Level,MXINT_15,OUTPUT,16,[15:0],-,-
TOP,Top_Level,MXINT_16,OUTPUT,16,[15:0],-,-
TOP,Top_Level,MXINT_17,OUTPUT,16,[15:0],-,-
TOP,Top_Level,MXINT_18,OUTPUT,16,[15:0],-,-
TOP,Top_Level,MXINT_19,OUTPUT,16,[15:0],-,-
TOP,Top_Level,MXINT_20,OUTPUT,16,[15:0],-,-
TOP,Top_Level,MXINT_21,OUTPUT,16,[15:0],-,-
TOP,Top_Level,MXINT_22,OUTPUT,16,[15:0],-,-
TOP,Top_Level,MXINT_23,OUTPUT,16,[15:0],-,-
TOP,Top_Level,MXINT_24,OUTPUT,16,[15:0],-,-
TOP,Top_Level,MXINT_25,OUTPUT,16,[15:0],-,-
TOP,Top_Level,MXINT_26,OUTPUT,16,[15:0],-,-
TOP,Top_Level,MXINT_27,OUTPUT,16,[15:0],-,-
TOP,Top_Level,MXINT_28,OUTPUT,16,[15:0],-,-
TOP,Top_Level,MXINT_29,OUTPUT,16,[15:0],-,-
TOP,Top_Level,MXINT_30,OUTPUT,16,[15:0],-,-
TOP,Top_Level,MXINT_31,OUTPUT,16,[15:0],-,-
TOP,Top_Level,MXINT_32,OUTPUT,16,[15:0],-,-
TOP,Top_Level,MXINT_33,OUTPUT,16,[15:0],-,-
TOP,Top_Level,MXINT_34,OUTPUT,16,[15:0],-,-
TOP,Top_Level,MXINT_35,OUTPUT,16,[15:0],-,-
TOP,Top_Level,MXINT_36,OUTPUT,16,[15:0],-,-
TOP,Top_Level,MXINT_37,OUTPUT,16,[15:0],-,-
TOP,Top_Level,MXINT_38,OUTPUT,16,[15:0],-,-
TOP,Top_Level,MXINT_39,OUTPUT,16,[15:0],-,-
TOP,Top_Level,MXINT_40,OUTPUT,16,[15:0],-,-
TOP,Top_Level,MXINT_41,OUTPUT,16,[15:0],-,-
TOP,Top_Level,MXINT_42,OUTPUT,16,[15:0],-,-
TOP,Top_Level,MXINT_43,OUTPUT,16,[15:0],-,-
TOP,Top_Level,MXINT_44,OUTPUT,16,[15:0],-,-
TOP,Top_Level,MXINT_45,OUTPUT,16,[15:0],-,-
TOP,Top_Level,MXINT_46,OUTPUT,16,[15:0],-,-
TOP,Top_Level,MXINT_47,OUTPUT,16,[15:0],-,-
TOP,Top_Level,MXINT_48,OUTPUT,16,[15:0],-,-
TOP,Top_Level,MXINT_49,OUTPUT,16,[15:0],-,-
TOP,Top_Level,MXINT_50,OUTPUT,16,[15:0],-,-
TOP,Top_Level,MXINT_51,OUTPUT,16,[15:0],-,-
TOP,Top_Level,MXINT_52,OUTPUT,16,[15:0],-,-
TOP,Top_Level,MXINT_53,OUTPUT,16,[15:0],-,-
TOP,Top_Level,MXINT_54,OUTPUT,16,[15:0],-,-
TOP,Top_Level,MXINT_55,OUTPUT,16,[15:0],-,-
TOP,Top_Level,MXINT_56,OUTPUT,16,[15:0],-,-
TOP,Top_Level,MXINT_57,OUTPUT,16,[15:0],-,-
TOP,Top_Level,MXINT_58,OUTPUT,16,[15:0],-,-
TOP,Top_Level,MXINT_59,OUTPUT,16,[15:0],-,-
TOP,Top_Level,MXINT_60,OUTPUT,16,[15:0],-,-
TOP,Top_Level,MXINT_61,OUTPUT,16,[15:0],-,-
TOP,Top_Level,MXINT_62,OUTPUT,16,[15:0],-,-
TOP,Top_Level,MXINT_63,OUTPUT,16,[15:0],-,-
TOP,Top_Level,MXINT_64,OUTPUT,16,[15:0],-,-
TOP,Top_Level,MXINT_65,OUTPUT,16,[15:0],-,-
TOP,Top_Level,MXINT_66,OUTPUT,16,[15:0],-,-
TOP,Top_Level,MXINT_67,OUTPUT,16,[15:0],-,-
TOP,Top_Level,MXINT_68,OUTPUT,16,[15:0],-,-
TOP,Top_Level,MXINT_69,OUTPUT,16,[15:0],-,-
TOP,Top_Level,MXINT_70,OUTPUT,16,[15:0],-,-
TOP,Top_Level,MXINT_71,OUTPUT,16,[15:0],-,-
TOP,Top_Level,MXINT_72,OUTPUT,16,[15:0],-,-
TOP,Top_Level,MXINT_73,OUTPUT,16,[15:0],-,-
TOP,Top_Level,MXINT_74,OUTPUT,16,[15:0],-,-
TOP,Top_Level,MXINT_75,OUTPUT,16,[15:0],-,-
TOP,Top_Level,MXINT_76,OUTPUT,16,[15:0],-,-
TOP,Top_Level,MXINT_77,OUTPUT,16,[15:0],-,-
TOP,Top_Level,MXINT_78,OUTPUT,16,[15:0],-,-
TOP,Top_Level,MXINT_79,OUTPUT,16,[15:0],-,-
TOP,Top_Level,MXINT_80,OUTPUT,16,[15:0],-,-
TOP,Top_Level,MXINT_81,OUTPUT,16,[15:0],-,-
TOP,Top_Level,MXINT_82,OUTPUT,16,[15:0],-,-
TOP,Top_Level,MXINT_83,OUTPUT,16,[15:0],-,-
TOP,Top_Level,MXINT_84,OUTPUT,16,[15:0],-,-
TOP,Top_Level,MXINT_85,OUTPUT,16,[15:0],-,-
TOP,Top_Level,MXINT_86,OUTPUT,16,[15:0],-,-
TOP,Top_Level,MXINT_87,OUTPUT,16,[15:0],-,-
TOP,Top_Level,MXINT_88,OUTPUT,16,[15:0],-,-
TOP,Top_Level,MXINT_89,OUTPUT,16,[15:0],-,-
TOP,Top_Level,MXINT_90,OUTPUT,16,[15:0],-,-
TOP,Top_Level,MXINT_91,OUTPUT,16,[15:0],-,-
TOP,Top_Level,MXINT_92,OUTPUT,16,[15:0],-,-
TOP,Top_Level,MXINT_93,OUTPUT,16,[15:0],-,-
TOP,Top_Level,MXINT_94,OUTPUT,16,[15:0],-,-
TOP,Top_Level,MXINT_95,OUTPUT,16,[15:0],-,-
TOP,Top_Level,MXINT_96,OUTPUT,16,[15:0],-,-
TOP,Top_Level,MXINT_97,OUTPUT,16,[15:0],-,-
TOP,Top_Level,MXINT_98,OUTPUT,16,[15:0],-,-
TOP,Top_Level,MXINT_99,OUTPUT,16,[15:0],-,-
TOP,Top_Level,MXINT_100,OUTPUT,16,[15:0],-,-
TOP,Top_Level,MXINT_101,OUTPUT,16,[15:0],-,-
TOP,Top_Level,MXINT_102,OUTPUT,16,[15:0],-,-
TOP,Top_Level,MXINT_103,OUTPUT,16,[15:0],-,-
TOP,Top_Level,MXINT_104,OUTPUT,16,[15:0],-,-
TOP,Top_Level,MXINT_105,OUTPUT,16,[15:0],-,-
TOP,Top_Level,MXINT_106,OUTPUT,16,[15:0],-,-
TOP,Top_Level,MXINT_107,OUTPUT,16,[15:0],-,-
TOP,Top_Level,MXINT_108,OUTPUT,16,[15:0],-,-
TOP,Top_Level,MXINT_109,OUTPUT,16,[15:0],-,-
TOP,Top_Level,MXINT_110,OUTPUT,16,[15:0],-,-
TOP,Top_Level,MXINT_111,OUTPUT,16,[15:0],-,-
TOP,Top_Level,MXINT_112,OUTPUT,16,[15:0],-,-
TOP,Top_Level,MXINT_113,OUTPUT,16,[15:0],-,-
TOP,Top_Level,MXINT_114,OUTPUT,16,[15:0],-,-
TOP,Top_Level,MXINT_115,OUTPUT,16,[15:0],-,-
TOP,Top_Level,MXINT_116,OUTPUT,16,[15:0],-,-
TOP,Top_Level,MXINT_117,OUTPUT,16,[15:0],-,-
TOP,Top_Level,MXINT_118,OUTPUT,16,[15:0],-,-
TOP,Top_Level,MXINT_119,OUTPUT,16,[15:0],-,-
TOP,Top_Level,MXINT_120,OUTPUT,16,[15:0],-,-
TOP,Top_Level,MXINT_121,OUTPUT,16,[15:0],-,-
TOP,Top_Level,MXINT_122,OUTPUT,16,[15:0],-,-
TOP,Top_Level,MXINT_123,OUTPUT,16,[15:0],-,-
TOP,Top_Level,MXINT_124,OUTPUT,16,[15:0],-,-
TOP,Top_Level,MXINT_125,OUTPUT,16,[15:0],-,-
TOP,Top_Level,MXINT_126,OUTPUT,16,[15:0],-,-
TOP,Top_Level,MXINT_127,OUTPUT,16,[15:0],-,-
TOP,Top_Level,MXINT_128,OUTPUT,16,[15:0],-,-
TOP,Top_Level,MXINT_129,OUTPUT,16,[15:0],-,-
TOP,Top_Level,MXINT_130,OUTPUT,16,[15:0],-,-
TOP,Top_Level,MXINT_131,OUTPUT,16,[15:0],-,-
TOP,Top_Level,MXINT_132,OUTPUT,16,[15:0],-,-
TOP,Top_Level,MXINT_133,OUTPUT,16,[15:0],-,-
TOP,Top_Level,MXINT_134,OUTPUT,16,[15:0],-,-
TOP,Top_Level,MXINT_135,OUTPUT,16,[15:0],-,-
TOP,Top_Level,MXINT_136,OUTPUT,16,[15:0],-,-
TOP,Top_Level,MXINT_137,OUTPUT,16,[15:0],-,-
TOP,Top_Level,MXINT_138,OUTPUT,16,[15:0],-,-
TOP,Top_Level,MXINT_139,OUTPUT,16,[15:0],-,-
TOP,Top_Level,MXINT_140,OUTPUT,16,[15:0],-,-
TOP,Top_Level,MXINT_141,OUTPUT,16,[15:0],-,-
TOP,Top_Level,MXINT_142,OUTPUT,16,[15:0],-,-
TOP,Top_Level,MXINT_143,OUTPUT,16,[15:0],-,-
TOP,Top_Level,MXINT_144,OUTPUT,16,[15:0],-,-
TOP,Top_Level,MXINT_145,OUTPUT,16,[15:0],-,-
TOP,Top_Level,MXINT_146,OUTPUT,16,[15:0],-,-
TOP,Top_Level,MXINT_147,OUTPUT,16,[15:0],-,-
TOP,Top_Level,MXINT_148,OUTPUT,16,[15:0],-,-
TOP,Top_Level,MXINT_149,OUTPUT,16,[15:0],-,-
TOP,Top_Level,MXINT_150,OUTPUT,16,[15:0],-,-
TOP,Top_Level,MXINT_151,OUTPUT,16,[15:0],-,-
TOP,Top_Level,MXINT_152,OUTPUT,16,[15:0],-,-
TOP,Top_Level,MXINT_153,OUTPUT,16,[15:0],-,-
TOP,Top_Level,MXINT_154,OUTPUT,16,[15:0],-,-
TOP,Top_Level,MXINT_155,OUTPUT,16,[15:0],-,-
TOP,Top_Level,MXINT_156,OUTPUT,16,[15:0],-,-
TOP,Top_Level,MXINT_157,OUTPUT,16,[15:0],-,-
TOP,Top_Level,MXINT_158,OUTPUT,16,[15:0],-,-
TOP,Top_Level,MXINT_159,OUTPUT,16,[15:0],-,-
TOP,Top_Level,MXINT_160,OUTPUT,16,[15:0],-,-
TOP,Top_Level,MXINT_161,OUTPUT,16,[15:0],-,-
TOP,Top_Level,MXINT_162,OUTPUT,16,[15:0],-,-
TOP,Top_Level,MXINT_163,OUTPUT,16,[15:0],-,-
TOP,Top_Level,MXINT_164,OUTPUT,16,[15:0],-,-
TOP,Top_Level,MXINT_165,OUTPUT,16,[15:0],-,-
TOP,Top_Level,MXINT_166,OUTPUT,16,[15:0],-,-
TOP,Top_Level,MXINT_167,OUTPUT,16,[15:0],-,-
TOP,Top_Level,MXINT_168,OUTPUT,16,[15:0],-,-
TOP,Top_Level,MXINT_169,OUTPUT,16,[15:0],-,-
TOP,Top_Level,MXINT_170,OUTPUT,16,[15:0],-,-
TOP,Top_Level,MXINT_171,OUTPUT,16,[15:0],-,-
TOP,Top_Level,MXINT_172,OUTPUT,16,[15:0],-,-
TOP,Top_Level,MXINT_173,OUTPUT,16,[15:0],-,-
TOP,Top_Level,MXINT_174,OUTPUT,16,[15:0],-,-
TOP,Top_Level,MXINT_175,OUTPUT,16,[15:0],-,-
TOP,Top_Level,MXINT_176,OUTPUT,16,[15:0],-,-
TOP,Top_Level,MXINT_177,OUTPUT,16,[15:0],-,-
TOP,Top_Level,MXINT_178,OUTPUT,16,[15:0],-,-
TOP,Top_Level,MXINT_179,OUTPUT,16,[15:0],-,-
TOP,Top_Level,MXINT_180,OUTPUT,16,[15:0],-,-
TOP,Top_Level,MXINT_181,OUTPUT,16,[15:0],-,-
TOP,Top_Level,MXINT_182,OUTPUT,16,[15:0],-,-
TOP,Top_Level,MXINT_183,OUTPUT,16,[15:0],-,-
TOP,Top_Level,MXINT_184,OUTPUT,16,[15:0],-,-
TOP,Top_Level,MXINT_185,OUTPUT,16,[15:0],-,-
TOP,Top_Level,MXINT_186,OUTPUT,16,[15:0],-,-
TOP,Top_Level,MXINT_187,OUTPUT,16,[15:0],-,-
TOP,Top_Level,MXINT_188,OUTPUT,16,[15:0],-,-
TOP,Top_Level,MXINT_189,OUTPUT,16,[15:0],-,-
TOP,Top_Level,MXINT_190,OUTPUT,16,[15:0],-,-
TOP,Top_Level,MXINT_191,OUTPUT,16,[15:0],-,-
TOP,Top_Level,MXINT_192,OUTPUT,16,[15:0],-,-
TOP,Top_Level,MXINT_193,OUTPUT,16,[15:0],-,-
TOP,Top_Level,MXINT_194,OUTPUT,16,[15:0],-,-
TOP,Top_Level,MXINT_195,OUTPUT,16,[15:0],-,-
TOP,Top_Level,MXINT_196,OUTPUT,16,[15:0],-,-
TOP,Top_Level,MXINT_197,OUTPUT,16,[15:0],-,-
TOP,Top_Level,MXINT_198,OUTPUT,16,[15:0],-,-
TOP,Top_Level,MXINT_199,OUTPUT,16,[15:0],-,-
TOP,Top_Level,MXINT_200,OUTPUT,16,[15:0],-,-
TOP,Top_Level,MXINT_201,OUTPUT,16,[15:0],-,-
TOP,Top_Level,MXINT_202,OUTPUT,16,[15:0],-,-
TOP,Top_Level,MXINT_203,OUTPUT,16,[15:0],-,-
TOP,Top_Level,MXINT_204,OUTPUT,16,[15:0],-,-
TOP,Top_Level,MXINT_205,OUTPUT,16,[15:0],-,-
TOP,Top_Level,MXINT_206,OUTPUT,16,[15:0],-,-
TOP,Top_Level,MXINT_207,OUTPUT,16,[15:0],-,-
TOP,Top_Level,MXINT_208,OUTPUT,16,[15:0],-,-
TOP,Top_Level,MXINT_209,OUTPUT,16,[15:0],-,-
TOP,Top_Level,MXINT_210,OUTPUT,16,[15:0],-,-
TOP,Top_Level,MXINT_211,OUTPUT,16,[15:0],-,-
TOP,Top_Level,MXINT_212,OUTPUT,16,[15:0],-,-
TOP,Top_Level,MXINT_213,OUTPUT,16,[15:0],-,-
TOP,Top_Level,MXINT_214,OUTPUT,16,[15:0],-,-
TOP,Top_Level,MXINT_215,OUTPUT,16,[15:0],-,-
TOP,Top_Level,MXINT_216,OUTPUT,16,[15:0],-,-
TOP,Top_Level,MXINT_217,OUTPUT,16,[15:0],-,-
TOP,Top_Level,MXINT_218,OUTPUT,16,[15:0],-,-
TOP,Top_Level,MXINT_219,OUTPUT,16,[15:0],-,-
TOP,Top_Level,MXINT_220,OUTPUT,16,[15:0],-,-
TOP,Top_Level,MXINT_221,OUTPUT,16,[15:0],-,-
TOP,Top_Level,MXINT_222,OUTPUT,16,[15:0],-,-
TOP,Top_Level,MXINT_223,OUTPUT,16,[15:0],-,-
TOP,Top_Level,MXINT_224,OUTPUT,16,[15:0],-,-
TOP,Top_Level,MXINT_225,OUTPUT,16,[15:0],-,-
TOP,Top_Level,MXINT_226,OUTPUT,16,[15:0],-,-
TOP,Top_Level,MXINT_227,OUTPUT,16,[15:0],-,-
TOP,Top_Level,MXINT_228,OUTPUT,16,[15:0],-,-
TOP,Top_Level,MXINT_229,OUTPUT,16,[15:0],-,-
TOP,Top_Level,MXINT_230,OUTPUT,16,[15:0],-,-
TOP,Top_Level,MXINT_231,OUTPUT,16,[15:0],-,-
TOP,Top_Level,MXINT_232,OUTPUT,16,[15:0],-,-
TOP,Top_Level,MXINT_233,OUTPUT,16,[15:0],-,-
TOP,Top_Level,MXINT_234,OUTPUT,16,[15:0],-,-
TOP,Top_Level,MXINT_235,OUTPUT,16,[15:0],-,-
TOP,Top_Level,MXINT_236,OUTPUT,16,[15:0],-,-
TOP,Top_Level,MXINT_237,OUTPUT,16,[15:0],-,-
TOP,Top_Level,MXINT_238,OUTPUT,16,[15:0],-,-
TOP,Top_Level,MXINT_239,OUTPUT,16,[15:0],-,-
TOP,Top_Level,MXINT_240,OUTPUT,16,[15:0],-,-
TOP,Top_Level,MXINT_241,OUTPUT,16,[15:0],-,-
TOP,Top_Level,MXINT_242,OUTPUT,16,[15:0],-,-
TOP,Top_Level,MXINT_243,OUTPUT,16,[15:0],-,-
TOP,Top_Level,MXINT_244,OUTPUT,16,[15:0],-,-
TOP,Top_Level,MXINT_245,OUTPUT,16,[15:0],-,-
TOP,Top_Level,MXINT_246,OUTPUT,16,[15:0],-,-
TOP,Top_Level,MXINT_247,OUTPUT,16,[15:0],-,-
TOP,Top_Level,MXINT_248,OUTPUT,16,[15:0],-,-
TOP,Top_Level,MXINT_249,OUTPUT,16,[15:0],-,-
TOP,Top_Level,MXINT_250,OUTPUT,16,[15:0],-,-
TOP,Top_Level,MXINT_251,OUTPUT,16,[15:0],-,-
TOP,Top_Level,MXINT_252,OUTPUT,16,[15:0],-,-
TOP,Top_Level,MXINT_253,OUTPUT,16,[15:0],-,-
TOP,Top_Level,MXINT_254,OUTPUT,16,[15:0],-,-
TOP,Top_Level,MXINT_255,OUTPUT,16,[15:0],-,-
TOP,Top_Level,RESULT_0,OUTPUT,16,[15:0],-,-
TOP,Top_Level,RESULT_1,OUTPUT,16,[15:0],-,-
TOP,Top_Level,RESULT_2,OUTPUT,16,[15:0],-,-
TOP,Top_Level,RESULT_3,OUTPUT,16,[15:0],-,-
TOP,Top_Level,RESULT_4,OUTPUT,16,[15:0],-,-
TOP,Top_Level,RESULT_5,OUTPUT,16,[15:0],-,-
TOP,Top_Level,RESULT_6,OUTPUT,16,[15:0],-,-
TOP,Top_Level,RESULT_7,OUTPUT,16,[15:0],-,-
TOP,Top_Level,RESULT_8,OUTPUT,16,[15:0],-,-
TOP,Top_Level,RESULT_9,OUTPUT,16,[15:0],-,-
TOP,Top_Level,RESULT_10,OUTPUT,16,[15:0],-,-
TOP,Top_Level,RESULT_11,OUTPUT,16,[15:0],-,-
TOP,Top_Level,RESULT_12,OUTPUT,16,[15:0],-,-
TOP,Top_Level,RESULT_13,OUTPUT,16,[15:0],-,-
TOP,Top_Level,RESULT_14,OUTPUT,16,[15:0],-,-
TOP,Top_Level,RESULT_15,OUTPUT,16,[15:0],-,-
TOP,Top_Level,RESULT_16,OUTPUT,16,[15:0],-,-
TOP,Top_Level,RESULT_17,OUTPUT,16,[15:0],-,-
TOP,Top_Level,RESULT_18,OUTPUT,16,[15:0],-,-
TOP,Top_Level,RESULT_19,OUTPUT,16,[15:0],-,-
TOP,Top_Level,RESULT_20,OUTPUT,16,[15:0],-,-
TOP,Top_Level,RESULT_21,OUTPUT,16,[15:0],-,-
TOP,Top_Level,RESULT_22,OUTPUT,16,[15:0],-,-
TOP,Top_Level,RESULT_23,OUTPUT,16,[15:0],-,-
TOP,Top_Level,RESULT_24,OUTPUT,16,[15:0],-,-
TOP,Top_Level,RESULT_25,OUTPUT,16,[15:0],-,-
TOP,Top_Level,RESULT_26,OUTPUT,16,[15:0],-,-
TOP,Top_Level,RESULT_27,OUTPUT,16,[15:0],-,-
TOP,Top_Level,RESULT_28,OUTPUT,16,[15:0],-,-
TOP,Top_Level,RESULT_29,OUTPUT,16,[15:0],-,-
TOP,Top_Level,RESULT_30,OUTPUT,16,[15:0],-,-
TOP,Top_Level,RESULT_31,OUTPUT,16,[15:0],-,-
TOP,Top_Level,RESULT_32,OUTPUT,16,[15:0],-,-
TOP,Top_Level,RESULT_33,OUTPUT,16,[15:0],-,-
TOP,Top_Level,RESULT_34,OUTPUT,16,[15:0],-,-
TOP,Top_Level,RESULT_35,OUTPUT,16,[15:0],-,-
TOP,Top_Level,RESULT_36,OUTPUT,16,[15:0],-,-
TOP,Top_Level,RESULT_37,OUTPUT,16,[15:0],-,-
TOP,Top_Level,RESULT_38,OUTPUT,16,[15:0],-,-
TOP,Top_Level,RESULT_39,OUTPUT,16,[15:0],-,-
TOP,Top_Level,RESULT_40,OUTPUT,16,[15:0],-,-
TOP,Top_Level,RESULT_41,OUTPUT,16,[15:0],-,-
TOP,Top_Level,RESULT_42,OUTPUT,16,[15:0],-,-
TOP,Top_Level,RESULT_43,OUTPUT,16,[15:0],-,-
TOP,Top_Level,RESULT_44,OUTPUT,16,[15:0],-,-
TOP,Top_Level,RESULT_45,OUTPUT,16,[15:0],-,-
TOP,Top_Level,RESULT_46,OUTPUT,16,[15:0],-,-
TOP,Top_Level,RESULT_47,OUTPUT,16,[15:0],-,-
TOP,Top_Level,RESULT_48,OUTPUT,16,[15:0],-,-
TOP,Top_Level,RESULT_49,OUTPUT,16,[15:0],-,-
TOP,Top_Level,RESULT_50,OUTPUT,16,[15:0],-,-
TOP,Top_Level,RESULT_51,OUTPUT,16,[15:0],-,-
TOP,Top_Level,RESULT_52,OUTPUT,16,[15:0],-,-
TOP,Top_Level,RESULT_53,OUTPUT,16,[15:0],-,-
TOP,Top_Level,RESULT_54,OUTPUT,16,[15:0],-,-
TOP,Top_Level,RESULT_55,OUTPUT,16,[15:0],-,-
TOP,Top_Level,RESULT_56,OUTPUT,16,[15:0],-,-
TOP,Top_Level,RESULT_57,OUTPUT,16,[15:0],-,-
TOP,Top_Level,RESULT_58,OUTPUT,16,[15:0],-,-
TOP,Top_Level,RESULT_59,OUTPUT,16,[15:0],-,-
TOP,Top_Level,RESULT_60,OUTPUT,16,[15:0],-,-
TOP,Top_Level,RESULT_61,OUTPUT,16,[15:0],-,-
TOP,Top_Level,RESULT_62,OUTPUT,16,[15:0],-,-
TOP,Top_Level,RESULT_63,OUTPUT,16,[15:0],-,-
TOP,Top_Level,RESULT_64,OUTPUT,16,[15:0],-,-
TOP,Top_Level,RESULT_65,OUTPUT,16,[15:0],-,-
TOP,Top_Level,RESULT_66,OUTPUT,16,[15:0],-,-
TOP,Top_Level,RESULT_67,OUTPUT,16,[15:0],-,-
TOP,Top_Level,RESULT_68,OUTPUT,16,[15:0],-,-
TOP,Top_Level,RESULT_69,OUTPUT,16,[15:0],-,-
TOP,Top_Level,RESULT_70,OUTPUT,16,[15:0],-,-
TOP,Top_Level,RESULT_71,OUTPUT,16,[15:0],-,-
TOP,Top_Level,RESULT_72,OUTPUT,16,[15:0],-,-
TOP,Top_Level,RESULT_73,OUTPUT,16,[15:0],-,-
TOP,Top_Level,RESULT_74,OUTPUT,16,[15:0],-,-
TOP,Top_Level,RESULT_75,OUTPUT,16,[15:0],-,-
TOP,Top_Level,RESULT_76,OUTPUT,16,[15:0],-,-
TOP,Top_Level,RESULT_77,OUTPUT,16,[15:0],-,-
TOP,Top_Level,RESULT_78,OUTPUT,16,[15:0],-,-
TOP,Top_Level,RESULT_79,OUTPUT,16,[15:0],-,-
TOP,Top_Level,RESULT_80,OUTPUT,16,[15:0],-,-
TOP,Top_Level,RESULT_81,OUTPUT,16,[15:0],-,-
TOP,Top_Level,RESULT_82,OUTPUT,16,[15:0],-,-
TOP,Top_Level,RESULT_83,OUTPUT,16,[15:0],-,-
TOP,Top_Level,RESULT_84,OUTPUT,16,[15:0],-,-
TOP,Top_Level,RESULT_85,OUTPUT,16,[15:0],-,-
TOP,Top_Level,RESULT_86,OUTPUT,16,[15:0],-,-
TOP,Top_Level,RESULT_87,OUTPUT,16,[15:0],-,-
TOP,Top_Level,RESULT_88,OUTPUT,16,[15:0],-,-
TOP,Top_Level,RESULT_89,OUTPUT,16,[15:0],-,-
TOP,Top_Level,RESULT_90,OUTPUT,16,[15:0],-,-
TOP,Top_Level,RESULT_91,OUTPUT,16,[15:0],-,-
TOP,Top_Level,RESULT_92,OUTPUT,16,[15:0],-,-
TOP,Top_Level,RESULT_93,OUTPUT,16,[15:0],-,-
TOP,Top_Level,RESULT_94,OUTPUT,16,[15:0],-,-
TOP,Top_Level,RESULT_95,OUTPUT,16,[15:0],-,-
TOP,Top_Level,RESULT_96,OUTPUT,16,[15:0],-,-
TOP,Top_Level,RESULT_97,OUTPUT,16,[15:0],-,-
TOP,Top_Level,RESULT_98,OUTPUT,16,[15:0],-,-
TOP,Top_Level,RESULT_99,OUTPUT,16,[15:0],-,-
TOP,Top_Level,RESULT_100,OUTPUT,16,[15:0],-,-
TOP,Top_Level,RESULT_101,OUTPUT,16,[15:0],-,-
TOP,Top_Level,RESULT_102,OUTPUT,16,[15:0],-,-
TOP,Top_Level,RESULT_103,OUTPUT,16,[15:0],-,-
TOP,Top_Level,RESULT_104,OUTPUT,16,[15:0],-,-
TOP,Top_Level,RESULT_105,OUTPUT,16,[15:0],-,-
TOP,Top_Level,RESULT_106,OUTPUT,16,[15:0],-,-
TOP,Top_Level,RESULT_107,OUTPUT,16,[15:0],-,-
TOP,Top_Level,RESULT_108,OUTPUT,16,[15:0],-,-
TOP,Top_Level,RESULT_109,OUTPUT,16,[15:0],-,-
TOP,Top_Level,RESULT_110,OUTPUT,16,[15:0],-,-
TOP,Top_Level,RESULT_111,OUTPUT,16,[15:0],-,-
TOP,Top_Level,RESULT_112,OUTPUT,16,[15:0],-,-
TOP,Top_Level,RESULT_113,OUTPUT,16,[15:0],-,-
TOP,Top_Level,RESULT_114,OUTPUT,16,[15:0],-,-
TOP,Top_Level,RESULT_115,OUTPUT,16,[15:0],-,-
TOP,Top_Level,RESULT_116,OUTPUT,16,[15:0],-,-
TOP,Top_Level,RESULT_117,OUTPUT,16,[15:0],-,-
TOP,Top_Level,RESULT_118,OUTPUT,16,[15:0],-,-
TOP,Top_Level,RESULT_119,OUTPUT,16,[15:0],-,-
TOP,Top_Level,RESULT_120,OUTPUT,16,[15:0],-,-
TOP,Top_Level,RESULT_121,OUTPUT,16,[15:0],-,-
TOP,Top_Level,RESULT_122,OUTPUT,16,[15:0],-,-
TOP,Top_Level,RESULT_123,OUTPUT,16,[15:0],-,-
TOP,Top_Level,RESULT_124,OUTPUT,16,[15:0],-,-
TOP,Top_Level,RESULT_125,OUTPUT,16,[15:0],-,-
TOP,Top_Level,RESULT_126,OUTPUT,16,[15:0],-,-
TOP,Top_Level,RESULT_127,OUTPUT,16,[15:0],-,-
TOP,Top_Level,RESULT_128,OUTPUT,16,[15:0],-,-
TOP,Top_Level,RESULT_129,OUTPUT,16,[15:0],-,-
TOP,Top_Level,RESULT_130,OUTPUT,16,[15:0],-,-
TOP,Top_Level,RESULT_131,OUTPUT,16,[15:0],-,-
TOP,Top_Level,RESULT_132,OUTPUT,16,[15:0],-,-
TOP,Top_Level,RESULT_133,OUTPUT,16,[15:0],-,-
TOP,Top_Level,RESULT_134,OUTPUT,16,[15:0],-,-
TOP,Top_Level,RESULT_135,OUTPUT,16,[15:0],-,-
TOP,Top_Level,RESULT_136,OUTPUT,16,[15:0],-,-
TOP,Top_Level,RESULT_137,OUTPUT,16,[15:0],-,-
TOP,Top_Level,RESULT_138,OUTPUT,16,[15:0],-,-
TOP,Top_Level,RESULT_139,OUTPUT,16,[15:0],-,-
TOP,Top_Level,RESULT_140,OUTPUT,16,[15:0],-,-
TOP,Top_Level,RESULT_141,OUTPUT,16,[15:0],-,-
TOP,Top_Level,RESULT_142,OUTPUT,16,[15:0],-,-
TOP,Top_Level,RESULT_143,OUTPUT,16,[15:0],-,-
TOP,Top_Level,RESULT_144,OUTPUT,16,[15:0],-,-
TOP,Top_Level,RESULT_145,OUTPUT,16,[15:0],-,-
TOP,Top_Level,RESULT_146,OUTPUT,16,[15:0],-,-
TOP,Top_Level,RESULT_147,OUTPUT,16,[15:0],-,-
TOP,Top_Level,RESULT_148,OUTPUT,16,[15:0],-,-
TOP,Top_Level,RESULT_149,OUTPUT,16,[15:0],-,-
TOP,Top_Level,RESULT_150,OUTPUT,16,[15:0],-,-
TOP,Top_Level,RESULT_151,OUTPUT,16,[15:0],-,-
TOP,Top_Level,RESULT_152,OUTPUT,16,[15:0],-,-
TOP,Top_Level,RESULT_153,OUTPUT,16,[15:0],-,-
TOP,Top_Level,RESULT_154,OUTPUT,16,[15:0],-,-
TOP,Top_Level,RESULT_155,OUTPUT,16,[15:0],-,-
TOP,Top_Level,RESULT_156,OUTPUT,16,[15:0],-,-
TOP,Top_Level,RESULT_157,OUTPUT,16,[15:0],-,-
TOP,Top_Level,RESULT_158,OUTPUT,16,[15:0],-,-
TOP,Top_Level,RESULT_159,OUTPUT,16,[15:0],-,-
TOP,Top_Level,RESULT_160,OUTPUT,16,[15:0],-,-
TOP,Top_Level,RESULT_161,OUTPUT,16,[15:0],-,-
TOP,Top_Level,RESULT_162,OUTPUT,16,[15:0],-,-
TOP,Top_Level,RESULT_163,OUTPUT,16,[15:0],-,-
TOP,Top_Level,RESULT_164,OUTPUT,16,[15:0],-,-
TOP,Top_Level,RESULT_165,OUTPUT,16,[15:0],-,-
TOP,Top_Level,RESULT_166,OUTPUT,16,[15:0],-,-
TOP,Top_Level,RESULT_167,OUTPUT,16,[15:0],-,-
TOP,Top_Level,RESULT_168,OUTPUT,16,[15:0],-,-
TOP,Top_Level,RESULT_169,OUTPUT,16,[15:0],-,-
TOP,Top_Level,RESULT_170,OUTPUT,16,[15:0],-,-
TOP,Top_Level,RESULT_171,OUTPUT,16,[15:0],-,-
TOP,Top_Level,RESULT_172,OUTPUT,16,[15:0],-,-
TOP,Top_Level,RESULT_173,OUTPUT,16,[15:0],-,-
TOP,Top_Level,RESULT_174,OUTPUT,16,[15:0],-,-
TOP,Top_Level,RESULT_175,OUTPUT,16,[15:0],-,-
TOP,Top_Level,RESULT_176,OUTPUT,16,[15:0],-,-
TOP,Top_Level,RESULT_177,OUTPUT,16,[15:0],-,-
TOP,Top_Level,RESULT_178,OUTPUT,16,[15:0],-,-
TOP,Top_Level,RESULT_179,OUTPUT,16,[15:0],-,-
TOP,Top_Level,RESULT_180,OUTPUT,16,[15:0],-,-
TOP,Top_Level,RESULT_181,OUTPUT,16,[15:0],-,-
TOP,Top_Level,RESULT_182,OUTPUT,16,[15:0],-,-
TOP,Top_Level,RESULT_183,OUTPUT,16,[15:0],-,-
TOP,Top_Level,RESULT_184,OUTPUT,16,[15:0],-,-
TOP,Top_Level,RESULT_185,OUTPUT,16,[15:0],-,-
TOP,Top_Level,RESULT_186,OUTPUT,16,[15:0],-,-
TOP,Top_Level,RESULT_187,OUTPUT,16,[15:0],-,-
TOP,Top_Level,RESULT_188,OUTPUT,16,[15:0],-,-
TOP,Top_Level,RESULT_189,OUTPUT,16,[15:0],-,-
TOP,Top_Level,RESULT_190,OUTPUT,16,[15:0],-,-
TOP,Top_Level,RESULT_191,OUTPUT,16,[15:0],-,-
TOP,Top_Level,RESULT_192,OUTPUT,16,[15:0],-,-
TOP,Top_Level,RESULT_193,OUTPUT,16,[15:0],-,-
TOP,Top_Level,RESULT_194,OUTPUT,16,[15:0],-,-
TOP,Top_Level,RESULT_195,OUTPUT,16,[15:0],-,-
TOP,Top_Level,RESULT_196,OUTPUT,16,[15:0],-,-
TOP,Top_Level,RESULT_197,OUTPUT,16,[15:0],-,-
TOP,Top_Level,RESULT_198,OUTPUT,16,[15:0],-,-
TOP,Top_Level,RESULT_199,OUTPUT,16,[15:0],-,-
TOP,Top_Level,RESULT_200,OUTPUT,16,[15:0],-,-
TOP,Top_Level,RESULT_201,OUTPUT,16,[15:0],-,-
TOP,Top_Level,RESULT_202,OUTPUT,16,[15:0],-,-
TOP,Top_Level,RESULT_203,OUTPUT,16,[15:0],-,-
TOP,Top_Level,RESULT_204,OUTPUT,16,[15:0],-,-
TOP,Top_Level,RESULT_205,OUTPUT,16,[15:0],-,-
TOP,Top_Level,RESULT_206,OUTPUT,16,[15:0],-,-
TOP,Top_Level,RESULT_207,OUTPUT,16,[15:0],-,-
TOP,Top_Level,RESULT_208,OUTPUT,16,[15:0],-,-
TOP,Top_Level,RESULT_209,OUTPUT,16,[15:0],-,-
TOP,Top_Level,RESULT_210,OUTPUT,16,[15:0],-,-
TOP,Top_Level,RESULT_211,OUTPUT,16,[15:0],-,-
TOP,Top_Level,RESULT_212,OUTPUT,16,[15:0],-,-
TOP,Top_Level,RESULT_213,OUTPUT,16,[15:0],-,-
TOP,Top_Level,RESULT_214,OUTPUT,16,[15:0],-,-
TOP,Top_Level,RESULT_215,OUTPUT,16,[15:0],-,-
TOP,Top_Level,RESULT_216,OUTPUT,16,[15:0],-,-
TOP,Top_Level,RESULT_217,OUTPUT,16,[15:0],-,-
TOP,Top_Level,RESULT_218,OUTPUT,16,[15:0],-,-
TOP,Top_Level,RESULT_219,OUTPUT,16,[15:0],-,-
TOP,Top_Level,RESULT_220,OUTPUT,16,[15:0],-,-
TOP,Top_Level,RESULT_221,OUTPUT,16,[15:0],-,-
TOP,Top_Level,RESULT_222,OUTPUT,16,[15:0],-,-
TOP,Top_Level,RESULT_223,OUTPUT,16,[15:0],-,-
TOP,Top_Level,RESULT_224,OUTPUT,16,[15:0],-,-
TOP,Top_Level,RESULT_225,OUTPUT,16,[15:0],-,-
TOP,Top_Level,RESULT_226,OUTPUT,16,[15:0],-,-
TOP,Top_Level,RESULT_227,OUTPUT,16,[15:0],-,-
TOP,Top_Level,RESULT_228,OUTPUT,16,[15:0],-,-
TOP,Top_Level,RESULT_229,OUTPUT,16,[15:0],-,-
TOP,Top_Level,RESULT_230,OUTPUT,16,[15:0],-,-
TOP,Top_Level,RESULT_231,OUTPUT,16,[15:0],-,-
TOP,Top_Level,RESULT_232,OUTPUT,16,[15:0],-,-
TOP,Top_Level,RESULT_233,OUTPUT,16,[15:0],-,-
TOP,Top_Level,RESULT_234,OUTPUT,16,[15:0],-,-
TOP,Top_Level,RESULT_235,OUTPUT,16,[15:0],-,-
TOP,Top_Level,RESULT_236,OUTPUT,16,[15:0],-,-
TOP,Top_Level,RESULT_237,OUTPUT,16,[15:0],-,-
TOP,Top_Level,RESULT_238,OUTPUT,16,[15:0],-,-
TOP,Top_Level,RESULT_239,OUTPUT,16,[15:0],-,-
TOP,Top_Level,RESULT_240,OUTPUT,16,[15:0],-,-
TOP,Top_Level,RESULT_241,OUTPUT,16,[15:0],-,-
TOP,Top_Level,RESULT_242,OUTPUT,16,[15:0],-,-
TOP,Top_Level,RESULT_243,OUTPUT,16,[15:0],-,-
TOP,Top_Level,RESULT_244,OUTPUT,16,[15:0],-,-
TOP,Top_Level,RESULT_245,OUTPUT,16,[15:0],-,-
TOP,Top_Level,RESULT_246,OUTPUT,16,[15:0],-,-
TOP,Top_Level,RESULT_247,OUTPUT,16,[15:0],-,-
TOP,Top_Level,RESULT_248,OUTPUT,16,[15:0],-,-
TOP,Top_Level,RESULT_249,OUTPUT,16,[15:0],-,-
TOP,Top_Level,RESULT_250,OUTPUT,16,[15:0],-,-
TOP,Top_Level,RESULT_251,OUTPUT,16,[15:0],-,-
TOP,Top_Level,RESULT_252,OUTPUT,16,[15:0],-,-
TOP,Top_Level,RESULT_253,OUTPUT,16,[15:0],-,-
TOP,Top_Level,RESULT_254,OUTPUT,16,[15:0],-,-
TOP,Top_Level,RESULT_255,OUTPUT,16,[15:0],-,-
TOP,Top_Level,RESULT_256,OUTPUT,16,[15:0],-,-
TOP,Top_Level,RESULT_257,OUTPUT,16,[15:0],-,-
TOP,Top_Level,RESULT_258,OUTPUT,16,[15:0],-,-
TOP,Top_Level,RESULT_259,OUTPUT,16,[15:0],-,-
TOP,Top_Level,RESULT_260,OUTPUT,16,[15:0],-,-
TOP,Top_Level,RESULT_261,OUTPUT,16,[15:0],-,-
TOP,Top_Level,RESULT_262,OUTPUT,16,[15:0],-,-
TOP,Top_Level,RESULT_263,OUTPUT,16,[15:0],-,-
TOP,Top_Level,RESULT_264,OUTPUT,16,[15:0],-,-
TOP,Top_Level,RESULT_265,OUTPUT,16,[15:0],-,-
TOP,Top_Level,RESULT_266,OUTPUT,16,[15:0],-,-
TOP,Top_Level,RESULT_267,OUTPUT,16,[15:0],-,-
TOP,Top_Level,RESULT_268,OUTPUT,16,[15:0],-,-
TOP,Top_Level,RESULT_269,OUTPUT,16,[15:0],-,-
TOP,Top_Level,RESULT_270,OUTPUT,16,[15:0],-,-
TOP,Top_Level,RESULT_271,OUTPUT,16,[15:0],-,-
TOP,Top_Level,RESULT_272,OUTPUT,16,[15:0],-,-
TOP,Top_Level,RESULT_273,OUTPUT,16,[15:0],-,-
TOP,Top_Level,RESULT_274,OUTPUT,16,[15:0],-,-
TOP,Top_Level,RESULT_275,OUTPUT,16,[15:0],-,-
TOP,Top_Level,RESULT_276,OUTPUT,16,[15:0],-,-
TOP,Top_Level,RESULT_277,OUTPUT,16,[15:0],-,-
TOP,Top_Level,RESULT_278,OUTPUT,16,[15:0],-,-
TOP,Top_Level,RESULT_279,OUTPUT,16,[15:0],-,-
TOP,Top_Level,RESULT_280,OUTPUT,16,[15:0],-,-
TOP,Top_Level,RESULT_281,OUTPUT,16,[15:0],-,-
TOP,Top_Level,RESULT_282,OUTPUT,16,[15:0],-,-
TOP,Top_Level,RESULT_283,OUTPUT,16,[15:0],-,-
TOP,Top_Level,RESULT_284,OUTPUT,16,[15:0],-,-
TOP,Top_Level,RESULT_285,OUTPUT,16,[15:0],-,-
TOP,Top_Level,RESULT_286,OUTPUT,16,[15:0],-,-
TOP,Top_Level,RESULT_287,OUTPUT,16,[15:0],-,-
TOP,Top_Level,RESULT_288,OUTPUT,16,[15:0],-,-
TOP,Top_Level,RESULT_289,OUTPUT,16,[15:0],-,-
TOP,Top_Level,RESULT_290,OUTPUT,16,[15:0],-,-
TOP,Top_Level,RESULT_291,OUTPUT,16,[15:0],-,-
TOP,Top_Level,RESULT_292,OUTPUT,16,[15:0],-,-
TOP,Top_Level,RESULT_293,OUTPUT,16,[15:0],-,-
TOP,Top_Level,RESULT_294,OUTPUT,16,[15:0],-,-
TOP,Top_Level,RESULT_295,OUTPUT,16,[15:0],-,-
TOP,Top_Level,RESULT_296,OUTPUT,16,[15:0],-,-
TOP,Top_Level,RESULT_297,OUTPUT,16,[15:0],-,-
TOP,Top_Level,RESULT_298,OUTPUT,16,[15:0],-,-
TOP,Top_Level,RESULT_299,OUTPUT,16,[15:0],-,-
TOP,Top_Level,RESULT_300,OUTPUT,16,[15:0],-,-
TOP,Top_Level,RESULT_301,OUTPUT,16,[15:0],-,-
TOP,Top_Level,RESULT_302,OUTPUT,16,[15:0],-,-
TOP,Top_Level,RESULT_303,OUTPUT,16,[15:0],-,-
TOP,Top_Level,RESULT_304,OUTPUT,16,[15:0],-,-
TOP,Top_Level,RESULT_305,OUTPUT,16,[15:0],-,-
TOP,Top_Level,RESULT_306,OUTPUT,16,[15:0],-,-
TOP,Top_Level,RESULT_307,OUTPUT,16,[15:0],-,-
TOP,Top_Level,RESULT_308,OUTPUT,16,[15:0],-,-
TOP,Top_Level,RESULT_309,OUTPUT,16,[15:0],-,-
TOP,Top_Level,RESULT_310,OUTPUT,16,[15:0],-,-
TOP,Top_Level,RESULT_311,OUTPUT,16,[15:0],-,-
TOP,Top_Level,RESULT_312,OUTPUT,16,[15:0],-,-
TOP,Top_Level,RESULT_313,OUTPUT,16,[15:0],-,-
TOP,Top_Level,RESULT_314,OUTPUT,16,[15:0],-,-
TOP,Top_Level,RESULT_315,OUTPUT,16,[15:0],-,-
TOP,Top_Level,RESULT_316,OUTPUT,16,[15:0],-,-
TOP,Top_Level,RESULT_317,OUTPUT,16,[15:0],-,-
TOP,Top_Level,RESULT_318,OUTPUT,16,[15:0],-,-
TOP,Top_Level,RESULT_319,OUTPUT,16,[15:0],-,-
TOP,Top_Level,RESULT_320,OUTPUT,16,[15:0],-,-
TOP,Top_Level,RESULT_321,OUTPUT,16,[15:0],-,-
TOP,Top_Level,RESULT_322,OUTPUT,16,[15:0],-,-
TOP,Top_Level,RESULT_323,OUTPUT,16,[15:0],-,-
TOP,Top_Level,RESULT_324,OUTPUT,16,[15:0],-,-
TOP,Top_Level,RESULT_325,OUTPUT,16,[15:0],-,-
TOP,Top_Level,RESULT_326,OUTPUT,16,[15:0],-,-
TOP,Top_Level,RESULT_327,OUTPUT,16,[15:0],-,-
TOP,Top_Level,RESULT_328,OUTPUT,16,[15:0],-,-
TOP,Top_Level,RESULT_329,OUTPUT,16,[15:0],-,-
TOP,Top_Level,RESULT_330,OUTPUT,16,[15:0],-,-
TOP,Top_Level,RESULT_331,OUTPUT,16,[15:0],-,-
TOP,Top_Level,RESULT_332,OUTPUT,16,[15:0],-,-
TOP,Top_Level,RESULT_333,OUTPUT,16,[15:0],-,-
TOP,Top_Level,RESULT_334,OUTPUT,16,[15:0],-,-
TOP,Top_Level,RESULT_335,OUTPUT,16,[15:0],-,-
TOP,Top_Level,RESULT_336,OUTPUT,16,[15:0],-,-
TOP,Top_Level,RESULT_337,OUTPUT,16,[15:0],-,-
TOP,Top_Level,RESULT_338,OUTPUT,16,[15:0],-,-
TOP,Top_Level,RESULT_339,OUTPUT,16,[15:0],-,-
TOP,Top_Level,RESULT_340,OUTPUT,16,[15:0],-,-
TOP,Top_Level,RESULT_341,OUTPUT,16,[15:0],-,-
TOP,Top_Level,RESULT_342,OUTPUT,16,[15:0],-,-
TOP,Top_Level,RESULT_343,OUTPUT,16,[15:0],-,-
TOP,Top_Level,RESULT_344,OUTPUT,16,[15:0],-,-
TOP,Top_Level,RESULT_345,OUTPUT,16,[15:0],-,-
TOP,Top_Level,RESULT_346,OUTPUT,16,[15:0],-,-
TOP,Top_Level,RESULT_347,OUTPUT,16,[15:0],-,-
TOP,Top_Level,RESULT_348,OUTPUT,16,[15:0],-,-
TOP,Top_Level,RESULT_349,OUTPUT,16,[15:0],-,-
TOP,Top_Level,RESULT_350,OUTPUT,16,[15:0],-,-
TOP,Top_Level,RESULT_351,OUTPUT,16,[15:0],-,-
TOP,Top_Level,RESULT_352,OUTPUT,16,[15:0],-,-
TOP,Top_Level,RESULT_353,OUTPUT,16,[15:0],-,-
TOP,Top_Level,RESULT_354,OUTPUT,16,[15:0],-,-
TOP,Top_Level,RESULT_355,OUTPUT,16,[15:0],-,-
TOP,Top_Level,RESULT_356,OUTPUT,16,[15:0],-,-
TOP,Top_Level,RESULT_357,OUTPUT,16,[15:0],-,-
TOP,Top_Level,RESULT_358,OUTPUT,16,[15:0],-,-
TOP,Top_Level,RESULT_359,OUTPUT,16,[15:0],-,-
TOP,Top_Level,RESULT_360,OUTPUT,16,[15:0],-,-
TOP,Top_Level,RESULT_361,OUTPUT,16,[15:0],-,-
TOP,Top_Level,RESULT_362,OUTPUT,16,[15:0],-,-
TOP,Top_Level,RESULT_363,OUTPUT,16,[15:0],-,-
TOP,Top_Level,RESULT_364,OUTPUT,16,[15:0],-,-
TOP,Top_Level,RESULT_365,OUTPUT,16,[15:0],-,-
TOP,Top_Level,RESULT_366,OUTPUT,16,[15:0],-,-
TOP,Top_Level,RESULT_367,OUTPUT,16,[15:0],-,-
TOP,Top_Level,RESULT_368,OUTPUT,16,[15:0],-,-
TOP,Top_Level,RESULT_369,OUTPUT,16,[15:0],-,-
TOP,Top_Level,RESULT_370,OUTPUT,16,[15:0],-,-
TOP,Top_Level,RESULT_371,OUTPUT,16,[15:0],-,-
TOP,Top_Level,RESULT_372,OUTPUT,16,[15:0],-,-
TOP,Top_Level,RESULT_373,OUTPUT,16,[15:0],-,-
TOP,Top_Level,RESULT_374,OUTPUT,16,[15:0],-,-
TOP,Top_Level,RESULT_375,OUTPUT,16,[15:0],-,-
TOP,Top_Level,RESULT_376,OUTPUT,16,[15:0],-,-
TOP,Top_Level,RESULT_377,OUTPUT,16,[15:0],-,-
TOP,Top_Level,RESULT_378,OUTPUT,16,[15:0],-,-
TOP,Top_Level,RESULT_379,OUTPUT,16,[15:0],-,-
TOP,Top_Level,RESULT_380,OUTPUT,16,[15:0],-,-
TOP,Top_Level,RESULT_381,OUTPUT,16,[15:0],-,-
TOP,Top_Level,RESULT_382,OUTPUT,16,[15:0],-,-
TOP,Top_Level,RESULT_383,OUTPUT,16,[15:0],-,-
TOP,Top_Level,RESULT_384,OUTPUT,16,[15:0],-,-
TOP,Top_Level,RESULT_385,OUTPUT,16,[15:0],-,-
TOP,Top_Level,RESULT_386,OUTPUT,16,[15:0],-,-
TOP,Top_Level,RESULT_387,OUTPUT,16,[15:0],-,-
TOP,Top_Level,RESULT_388,OUTPUT,16,[15:0],-,-
TOP,Top_Level,RESULT_389,OUTPUT,16,[15:0],-,-
TOP,Top_Level,RESULT_390,OUTPUT,16,[15:0],-,-
TOP,Top_Level,RESULT_391,OUTPUT,16,[15:0],-,-
TOP,Top_Level,RESULT_392,OUTPUT,16,[15:0],-,-
TOP,Top_Level,RESULT_393,OUTPUT,16,[15:0],-,-
TOP,Top_Level,RESULT_394,OUTPUT,16,[15:0],-,-
TOP,Top_Level,RESULT_395,OUTPUT,16,[15:0],-,-
TOP,Top_Level,RESULT_396,OUTPUT,16,[15:0],-,-
TOP,Top_Level,RESULT_397,OUTPUT,16,[15:0],-,-
TOP,Top_Level,RESULT_398,OUTPUT,16,[15:0],-,-
TOP,Top_Level,RESULT_399,OUTPUT,16,[15:0],-,-
TOP,Top_Level,RESULT_400,OUTPUT,16,[15:0],-,-
TOP,Top_Level,RESULT_401,OUTPUT,16,[15:0],-,-
TOP,Top_Level,RESULT_402,OUTPUT,16,[15:0],-,-
TOP,Top_Level,RESULT_403,OUTPUT,16,[15:0],-,-
TOP,Top_Level,RESULT_404,OUTPUT,16,[15:0],-,-
TOP,Top_Level,RESULT_405,OUTPUT,16,[15:0],-,-
TOP,Top_Level,RESULT_406,OUTPUT,16,[15:0],-,-
TOP,Top_Level,RESULT_407,OUTPUT,16,[15:0],-,-
TOP,Top_Level,RESULT_408,OUTPUT,16,[15:0],-,-
TOP,Top_Level,RESULT_409,OUTPUT,16,[15:0],-,-
TOP,Top_Level,RESULT_410,OUTPUT,16,[15:0],-,-
TOP,Top_Level,RESULT_411,OUTPUT,16,[15:0],-,-
TOP,Top_Level,RESULT_412,OUTPUT,16,[15:0],-,-
TOP,Top_Level,RESULT_413,OUTPUT,16,[15:0],-,-
TOP,Top_Level,RESULT_414,OUTPUT,16,[15:0],-,-
TOP,Top_Level,RESULT_415,OUTPUT,16,[15:0],-,-
TOP,Top_Level,RESULT_416,OUTPUT,16,[15:0],-,-
TOP,Top_Level,RESULT_417,OUTPUT,16,[15:0],-,-
TOP,Top_Level,RESULT_418,OUTPUT,16,[15:0],-,-
TOP,Top_Level,RESULT_419,OUTPUT,16,[15:0],-,-
TOP,Top_Level,RESULT_420,OUTPUT,16,[15:0],-,-
TOP,Top_Level,RESULT_421,OUTPUT,16,[15:0],-,-
TOP,Top_Level,RESULT_422,OUTPUT,16,[15:0],-,-
TOP,Top_Level,RESULT_423,OUTPUT,16,[15:0],-,-
TOP,Top_Level,RESULT_424,OUTPUT,16,[15:0],-,-
TOP,Top_Level,RESULT_425,OUTPUT,16,[15:0],-,-
TOP,Top_Level,RESULT_426,OUTPUT,16,[15:0],-,-
TOP,Top_Level,RESULT_427,OUTPUT,16,[15:0],-,-
TOP,Top_Level,RESULT_428,OUTPUT,16,[15:0],-,-
TOP,Top_Level,RESULT_429,OUTPUT,16,[15:0],-,-
TOP,Top_Level,RESULT_430,OUTPUT,16,[15:0],-,-
TOP,Top_Level,RESULT_431,OUTPUT,16,[15:0],-,-
TOP,Top_Level,RESULT_432,OUTPUT,16,[15:0],-,-
TOP,Top_Level,RESULT_433,OUTPUT,16,[15:0],-,-
TOP,Top_Level,RESULT_434,OUTPUT,16,[15:0],-,-
TOP,Top_Level,RESULT_435,OUTPUT,16,[15:0],-,-
TOP,Top_Level,RESULT_436,OUTPUT,16,[15:0],-,-
TOP,Top_Level,RESULT_437,OUTPUT,16,[15:0],-,-
TOP,Top_Level,RESULT_438,OUTPUT,16,[15:0],-,-
TOP,Top_Level,RESULT_439,OUTPUT,16,[15:0],-,-
TOP,Top_Level,RESULT_440,OUTPUT,16,[15:0],-,-
TOP,Top_Level,RESULT_441,OUTPUT,16,[15:0],-,-
TOP,Top_Level,RESULT_442,OUTPUT,16,[15:0],-,-
TOP,Top_Level,RESULT_443,OUTPUT,16,[15:0],-,-
TOP,Top_Level,RESULT_444,OUTPUT,16,[15:0],-,-
TOP,Top_Level,RESULT_445,OUTPUT,16,[15:0],-,-
TOP,Top_Level,RESULT_446,OUTPUT,16,[15:0],-,-
TOP,Top_Level,RESULT_447,OUTPUT,16,[15:0],-,-
TOP,Top_Level,RESULT_448,OUTPUT,16,[15:0],-,-
TOP,Top_Level,RESULT_449,OUTPUT,16,[15:0],-,-
TOP,Top_Level,RESULT_450,OUTPUT,16,[15:0],-,-
TOP,Top_Level,RESULT_451,OUTPUT,16,[15:0],-,-
TOP,Top_Level,RESULT_452,OUTPUT,16,[15:0],-,-
TOP,Top_Level,RESULT_453,OUTPUT,16,[15:0],-,-
TOP,Top_Level,RESULT_454,OUTPUT,16,[15:0],-,-
TOP,Top_Level,RESULT_455,OUTPUT,16,[15:0],-,-
TOP,Top_Level,RESULT_456,OUTPUT,16,[15:0],-,-
TOP,Top_Level,RESULT_457,OUTPUT,16,[15:0],-,-
TOP,Top_Level,RESULT_458,OUTPUT,16,[15:0],-,-
TOP,Top_Level,RESULT_459,OUTPUT,16,[15:0],-,-
TOP,Top_Level,RESULT_460,OUTPUT,16,[15:0],-,-
TOP,Top_Level,RESULT_461,OUTPUT,16,[15:0],-,-
TOP,Top_Level,RESULT_462,OUTPUT,16,[15:0],-,-
TOP,Top_Level,RESULT_463,OUTPUT,16,[15:0],-,-
TOP,Top_Level,RESULT_464,OUTPUT,16,[15:0],-,-
TOP,Top_Level,RESULT_465,OUTPUT,16,[15:0],-,-
TOP,Top_Level,RESULT_466,OUTPUT,16,[15:0],-,-
TOP,Top_Level,RESULT_467,OUTPUT,16,[15:0],-,-
TOP,Top_Level,RESULT_468,OUTPUT,16,[15:0],-,-
TOP,Top_Level,RESULT_469,OUTPUT,16,[15:0],-,-
TOP,Top_Level,RESULT_470,OUTPUT,16,[15:0],-,-
TOP,Top_Level,RESULT_471,OUTPUT,16,[15:0],-,-
TOP,Top_Level,RESULT_472,OUTPUT,16,[15:0],-,-
TOP,Top_Level,RESULT_473,OUTPUT,16,[15:0],-,-
TOP,Top_Level,RESULT_474,OUTPUT,16,[15:0],-,-
TOP,Top_Level,RESULT_475,OUTPUT,16,[15:0],-,-
TOP,Top_Level,RESULT_476,OUTPUT,16,[15:0],-,-
TOP,Top_Level,RESULT_477,OUTPUT,16,[15:0],-,-
TOP,Top_Level,RESULT_478,OUTPUT,16,[15:0],-,-
TOP,Top_Level,RESULT_479,OUTPUT,16,[15:0],-,-
TOP,Top_Level,RESULT_480,OUTPUT,16,[15:0],-,-
TOP,Top_Level,RESULT_481,OUTPUT,16,[15:0],-,-
TOP,Top_Level,RESULT_482,OUTPUT,16,[15:0],-,-
TOP,Top_Level,RESULT_483,OUTPUT,16,[15:0],-,-
TOP,Top_Level,RESULT_484,OUTPUT,16,[15:0],-,-
TOP,Top_Level,RESULT_485,OUTPUT,16,[15:0],-,-
TOP,Top_Level,RESULT_486,OUTPUT,16,[15:0],-,-
TOP,Top_Level,RESULT_487,OUTPUT,16,[15:0],-,-
TOP,Top_Level,RESULT_488,OUTPUT,16,[15:0],-,-
TOP,Top_Level,RESULT_489,OUTPUT,16,[15:0],-,-
TOP,Top_Level,RESULT_490,OUTPUT,16,[15:0],-,-
TOP,Top_Level,RESULT_491,OUTPUT,16,[15:0],-,-
TOP,Top_Level,RESULT_492,OUTPUT,16,[15:0],-,-
TOP,Top_Level,RESULT_493,OUTPUT,16,[15:0],-,-
TOP,Top_Level,RESULT_494,OUTPUT,16,[15:0],-,-
TOP,Top_Level,RESULT_495,OUTPUT,16,[15:0],-,-
TOP,Top_Level,RESULT_496,OUTPUT,16,[15:0],-,-
TOP,Top_Level,RESULT_497,OUTPUT,16,[15:0],-,-
TOP,Top_Level,RESULT_498,OUTPUT,16,[15:0],-,-
TOP,Top_Level,RESULT_499,OUTPUT,16,[15:0],-,-
TOP,Top_Level,RESULT_500,OUTPUT,16,[15:0],-,-
TOP,Top_Level,RESULT_501,OUTPUT,16,[15:0],-,-
TOP,Top_Level,RESULT_502,OUTPUT,16,[15:0],-,-
TOP,Top_Level,RESULT_503,OUTPUT,16,[15:0],-,-
TOP,Top_Level,RESULT_504,OUTPUT,16,[15:0],-,-
TOP,Top_Level,RESULT_505,OUTPUT,16,[15:0],-,-
TOP,Top_Level,RESULT_506,OUTPUT,16,[15:0],-,-
TOP,Top_Level,RESULT_507,OUTPUT,16,[15:0],-,-
TOP,Top_Level,RESULT_508,OUTPUT,16,[15:0],-,-
TOP,Top_Level,RESULT_509,OUTPUT,16,[15:0],-,-
TOP,Top_Level,RESULT_510,OUTPUT,16,[15:0],-,-
TOP,Top_Level,RESULT_511,OUTPUT,16,[15:0],-,-
TOP,Top_Level,RESULT_512,OUTPUT,16,[15:0],-,-
TOP,Top_Level,RESULT_513,OUTPUT,16,[15:0],-,-
TOP,Top_Level,RESULT_514,OUTPUT,16,[15:0],-,-
TOP,Top_Level,RESULT_515,OUTPUT,16,[15:0],-,-
TOP,Top_Level,RESULT_516,OUTPUT,16,[15:0],-,-
TOP,Top_Level,RESULT_517,OUTPUT,16,[15:0],-,-
TOP,Top_Level,RESULT_518,OUTPUT,16,[15:0],-,-
TOP,Top_Level,RESULT_519,OUTPUT,16,[15:0],-,-
TOP,Top_Level,RESULT_520,OUTPUT,16,[15:0],-,-
TOP,Top_Level,RESULT_521,OUTPUT,16,[15:0],-,-
TOP,Top_Level,RESULT_522,OUTPUT,16,[15:0],-,-
TOP,Top_Level,RESULT_523,OUTPUT,16,[15:0],-,-
TOP,Top_Level,RESULT_524,OUTPUT,16,[15:0],-,-
TOP,Top_Level,RESULT_525,OUTPUT,16,[15:0],-,-
TOP,Top_Level,RESULT_526,OUTPUT,16,[15:0],-,-
TOP,Top_Level,RESULT_527,OUTPUT,16,[15:0],-,-
TOP,Top_Level,RESULT_528,OUTPUT,16,[15:0],-,-
TOP,Top_Level,RESULT_529,OUTPUT,16,[15:0],-,-
TOP,Top_Level,RESULT_530,OUTPUT,16,[15:0],-,-
TOP,Top_Level,RESULT_531,OUTPUT,16,[15:0],-,-
TOP,Top_Level,RESULT_532,OUTPUT,16,[15:0],-,-
TOP,Top_Level,RESULT_533,OUTPUT,16,[15:0],-,-
TOP,Top_Level,RESULT_534,OUTPUT,16,[15:0],-,-
TOP,Top_Level,RESULT_535,OUTPUT,16,[15:0],-,-
TOP,Top_Level,RESULT_536,OUTPUT,16,[15:0],-,-
TOP,Top_Level,RESULT_537,OUTPUT,16,[15:0],-,-
TOP,Top_Level,RESULT_538,OUTPUT,16,[15:0],-,-
TOP,Top_Level,RESULT_539,OUTPUT,16,[15:0],-,-
TOP,Top_Level,RESULT_540,OUTPUT,16,[15:0],-,-
TOP,Top_Level,RESULT_541,OUTPUT,16,[15:0],-,-
TOP,Top_Level,RESULT_542,OUTPUT,16,[15:0],-,-
TOP,Top_Level,RESULT_543,OUTPUT,16,[15:0],-,-
TOP,Top_Level,RESULT_544,OUTPUT,16,[15:0],-,-
TOP,Top_Level,RESULT_545,OUTPUT,16,[15:0],-,-
TOP,Top_Level,RESULT_546,OUTPUT,16,[15:0],-,-
TOP,Top_Level,RESULT_547,OUTPUT,16,[15:0],-,-
TOP,Top_Level,RESULT_548,OUTPUT,16,[15:0],-,-
TOP,Top_Level,RESULT_549,OUTPUT,16,[15:0],-,-
TOP,Top_Level,RESULT_550,OUTPUT,16,[15:0],-,-
TOP,Top_Level,RESULT_551,OUTPUT,16,[15:0],-,-
TOP,Top_Level,RESULT_552,OUTPUT,16,[15:0],-,-
TOP,Top_Level,RESULT_553,OUTPUT,16,[15:0],-,-
TOP,Top_Level,RESULT_554,OUTPUT,16,[15:0],-,-
TOP,Top_Level,RESULT_555,OUTPUT,16,[15:0],-,-
TOP,Top_Level,RESULT_556,OUTPUT,16,[15:0],-,-
TOP,Top_Level,RESULT_557,OUTPUT,16,[15:0],-,-
TOP,Top_Level,RESULT_558,OUTPUT,16,[15:0],-,-
TOP,Top_Level,RESULT_559,OUTPUT,16,[15:0],-,-
TOP,Top_Level,RESULT_560,OUTPUT,16,[15:0],-,-
TOP,Top_Level,RESULT_561,OUTPUT,16,[15:0],-,-
TOP,Top_Level,RESULT_562,OUTPUT,16,[15:0],-,-
TOP,Top_Level,RESULT_563,OUTPUT,16,[15:0],-,-
TOP,Top_Level,RESULT_564,OUTPUT,16,[15:0],-,-
TOP,Top_Level,RESULT_565,OUTPUT,16,[15:0],-,-
TOP,Top_Level,RESULT_566,OUTPUT,16,[15:0],-,-
TOP,Top_Level,RESULT_567,OUTPUT,16,[15:0],-,-
TOP,Top_Level,RESULT_568,OUTPUT,16,[15:0],-,-
TOP,Top_Level,RESULT_569,OUTPUT,16,[15:0],-,-
TOP,Top_Level,RESULT_570,OUTPUT,16,[15:0],-,-
TOP,Top_Level,RESULT_571,OUTPUT,16,[15:0],-,-
TOP,Top_Level,RESULT_572,OUTPUT,16,[15:0],-,-
TOP,Top_Level,RESULT_573,OUTPUT,16,[15:0],-,-
TOP,Top_Level,RESULT_574,OUTPUT,16,[15:0],-,-
TOP,Top_Level,RESULT_575,OUTPUT,16,[15:0],-,-
TOP,Top_Level,RESULT_576,OUTPUT,16,[15:0],-,-
TOP,Top_Level,RESULT_577,OUTPUT,16,[15:0],-,-
TOP,Top_Level,RESULT_578,OUTPUT,16,[15:0],-,-
TOP,Top_Level,RESULT_579,OUTPUT,16,[15:0],-,-
TOP,Top_Level,RESULT_580,OUTPUT,16,[15:0],-,-
TOP,Top_Level,RESULT_581,OUTPUT,16,[15:0],-,-
TOP,Top_Level,RESULT_582,OUTPUT,16,[15:0],-,-
TOP,Top_Level,RESULT_583,OUTPUT,16,[15:0],-,-
TOP,Top_Level,RESULT_584,OUTPUT,16,[15:0],-,-
TOP,Top_Level,RESULT_585,OUTPUT,16,[15:0],-,-
TOP,Top_Level,RESULT_586,OUTPUT,16,[15:0],-,-
TOP,Top_Level,RESULT_587,OUTPUT,16,[15:0],-,-
TOP,Top_Level,RESULT_588,OUTPUT,16,[15:0],-,-
TOP,Top_Level,RESULT_589,OUTPUT,16,[15:0],-,-
TOP,Top_Level,RESULT_590,OUTPUT,16,[15:0],-,-
TOP,Top_Level,RESULT_591,OUTPUT,16,[15:0],-,-
TOP,Top_Level,RESULT_592,OUTPUT,16,[15:0],-,-
TOP,Top_Level,RESULT_593,OUTPUT,16,[15:0],-,-
TOP,Top_Level,RESULT_594,OUTPUT,16,[15:0],-,-
TOP,Top_Level,RESULT_595,OUTPUT,16,[15:0],-,-
TOP,Top_Level,RESULT_596,OUTPUT,16,[15:0],-,-
TOP,Top_Level,RESULT_597,OUTPUT,16,[15:0],-,-
TOP,Top_Level,RESULT_598,OUTPUT,16,[15:0],-,-
TOP,Top_Level,RESULT_599,OUTPUT,16,[15:0],-,-
TOP,Top_Level,RESULT_600,OUTPUT,16,[15:0],-,-
TOP,Top_Level,RESULT_601,OUTPUT,16,[15:0],-,-
TOP,Top_Level,RESULT_602,OUTPUT,16,[15:0],-,-
TOP,Top_Level,RESULT_603,OUTPUT,16,[15:0],-,-
TOP,Top_Level,RESULT_604,OUTPUT,16,[15:0],-,-
TOP,Top_Level,RESULT_605,OUTPUT,16,[15:0],-,-
TOP,Top_Level,RESULT_606,OUTPUT,16,[15:0],-,-
TOP,Top_Level,RESULT_607,OUTPUT,16,[15:0],-,-
TOP,Top_Level,RESULT_608,OUTPUT,16,[15:0],-,-
TOP,Top_Level,RESULT_609,OUTPUT,16,[15:0],-,-
TOP,Top_Level,RESULT_610,OUTPUT,16,[15:0],-,-
TOP,Top_Level,RESULT_611,OUTPUT,16,[15:0],-,-
TOP,Top_Level,RESULT_612,OUTPUT,16,[15:0],-,-
TOP,Top_Level,RESULT_613,OUTPUT,16,[15:0],-,-
TOP,Top_Level,RESULT_614,OUTPUT,16,[15:0],-,-
TOP,Top_Level,RESULT_615,OUTPUT,16,[15:0],-,-
TOP,Top_Level,RESULT_616,OUTPUT,16,[15:0],-,-
TOP,Top_Level,RESULT_617,OUTPUT,16,[15:0],-,-
TOP,Top_Level,RESULT_618,OUTPUT,16,[15:0],-,-
TOP,Top_Level,RESULT_619,OUTPUT,16,[15:0],-,-
TOP,Top_Level,RESULT_620,OUTPUT,16,[15:0],-,-
TOP,Top_Level,RESULT_621,OUTPUT,16,[15:0],-,-
TOP,Top_Level,RESULT_622,OUTPUT,16,[15:0],-,-
TOP,Top_Level,RESULT_623,OUTPUT,16,[15:0],-,-
TOP,Top_Level,RESULT_624,OUTPUT,16,[15:0],-,-
TOP,Top_Level,RESULT_625,OUTPUT,16,[15:0],-,-
TOP,Top_Level,RESULT_626,OUTPUT,16,[15:0],-,-
TOP,Top_Level,RESULT_627,OUTPUT,16,[15:0],-,-
TOP,Top_Level,RESULT_628,OUTPUT,16,[15:0],-,-
TOP,Top_Level,RESULT_629,OUTPUT,16,[15:0],-,-
TOP,Top_Level,RESULT_630,OUTPUT,16,[15:0],-,-
TOP,Top_Level,RESULT_631,OUTPUT,16,[15:0],-,-
TOP,Top_Level,RESULT_632,OUTPUT,16,[15:0],-,-
TOP,Top_Level,RESULT_633,OUTPUT,16,[15:0],-,-
TOP,Top_Level,RESULT_634,OUTPUT,16,[15:0],-,-
TOP,Top_Level,RESULT_635,OUTPUT,16,[15:0],-,-
TOP,Top_Level,RESULT_636,OUTPUT,16,[15:0],-,-
TOP,Top_Level,RESULT_637,OUTPUT,16,[15:0],-,-
TOP,Top_Level,RESULT_638,OUTPUT,16,[15:0],-,-
TOP,Top_Level,RESULT_639,OUTPUT,16,[15:0],-,-
TOP,Top_Level,RESULT_640,OUTPUT,16,[15:0],-,-
TOP,Top_Level,RESULT_641,OUTPUT,16,[15:0],-,-
TOP,Top_Level,RESULT_642,OUTPUT,16,[15:0],-,-
TOP,Top_Level,RESULT_643,OUTPUT,16,[15:0],-,-
TOP,Top_Level,RESULT_644,OUTPUT,16,[15:0],-,-
TOP,Top_Level,RESULT_645,OUTPUT,16,[15:0],-,-
TOP,Top_Level,RESULT_646,OUTPUT,16,[15:0],-,-
TOP,Top_Level,RESULT_647,OUTPUT,16,[15:0],-,-
TOP,Top_Level,RESULT_648,OUTPUT,16,[15:0],-,-
TOP,Top_Level,RESULT_649,OUTPUT,16,[15:0],-,-
TOP,Top_Level,RESULT_650,OUTPUT,16,[15:0],-,-
TOP,Top_Level,RESULT_651,OUTPUT,16,[15:0],-,-
TOP,Top_Level,RESULT_652,OUTPUT,16,[15:0],-,-
TOP,Top_Level,RESULT_653,OUTPUT,16,[15:0],-,-
TOP,Top_Level,RESULT_654,OUTPUT,16,[15:0],-,-
TOP,Top_Level,RESULT_655,OUTPUT,16,[15:0],-,-
TOP,Top_Level,RESULT_656,OUTPUT,16,[15:0],-,-
TOP,Top_Level,RESULT_657,OUTPUT,16,[15:0],-,-
TOP,Top_Level,RESULT_658,OUTPUT,16,[15:0],-,-
TOP,Top_Level,RESULT_659,OUTPUT,16,[15:0],-,-
TOP,Top_Level,RESULT_660,OUTPUT,16,[15:0],-,-
TOP,Top_Level,RESULT_661,OUTPUT,16,[15:0],-,-
TOP,Top_Level,RESULT_662,OUTPUT,16,[15:0],-,-
TOP,Top_Level,RESULT_663,OUTPUT,16,[15:0],-,-
TOP,Top_Level,RESULT_664,OUTPUT,16,[15:0],-,-
TOP,Top_Level,RESULT_665,OUTPUT,16,[15:0],-,-
TOP,Top_Level,RESULT_666,OUTPUT,16,[15:0],-,-
TOP,Top_Level,RESULT_667,OUTPUT,16,[15:0],-,-
TOP,Top_Level,RESULT_668,OUTPUT,16,[15:0],-,-
TOP,Top_Level,RESULT_669,OUTPUT,16,[15:0],-,-
TOP,Top_Level,RESULT_670,OUTPUT,16,[15:0],-,-
TOP,Top_Level,RESULT_671,OUTPUT,16,[15:0],-,-
TOP,Top_Level,RESULT_672,OUTPUT,16,[15:0],-,-
TOP,Top_Level,RESULT_673,OUTPUT,16,[15:0],-,-
TOP,Top_Level,RESULT_674,OUTPUT,16,[15:0],-,-
TOP,Top_Level,RESULT_675,OUTPUT,16,[15:0],-,-
TOP,Top_Level,RESULT_676,OUTPUT,16,[15:0],-,-
TOP,Top_Level,RESULT_677,OUTPUT,16,[15:0],-,-
TOP,Top_Level,RESULT_678,OUTPUT,16,[15:0],-,-
TOP,Top_Level,RESULT_679,OUTPUT,16,[15:0],-,-
TOP,Top_Level,RESULT_680,OUTPUT,16,[15:0],-,-
TOP,Top_Level,RESULT_681,OUTPUT,16,[15:0],-,-
TOP,Top_Level,RESULT_682,OUTPUT,16,[15:0],-,-
TOP,Top_Level,RESULT_683,OUTPUT,16,[15:0],-,-
TOP,Top_Level,RESULT_684,OUTPUT,16,[15:0],-,-
TOP,Top_Level,RESULT_685,OUTPUT,16,[15:0],-,-
TOP,Top_Level,RESULT_686,OUTPUT,16,[15:0],-,-
TOP,Top_Level,RESULT_687,OUTPUT,16,[15:0],-,-
TOP,Top_Level,RESULT_688,OUTPUT,16,[15:0],-,-
TOP,Top_Level,RESULT_689,OUTPUT,16,[15:0],-,-
TOP,Top_Level,RESULT_690,OUTPUT,16,[15:0],-,-
TOP,Top_Level,RESULT_691,OUTPUT,16,[15:0],-,-
TOP,Top_Level,RESULT_692,OUTPUT,16,[15:0],-,-
TOP,Top_Level,RESULT_693,OUTPUT,16,[15:0],-,-
TOP,Top_Level,RESULT_694,OUTPUT,16,[15:0],-,-
TOP,Top_Level,RESULT_695,OUTPUT,16,[15:0],-,-
TOP,Top_Level,RESULT_696,OUTPUT,16,[15:0],-,-
TOP,Top_Level,RESULT_697,OUTPUT,16,[15:0],-,-
TOP,Top_Level,RESULT_698,OUTPUT,16,[15:0],-,-
TOP,Top_Level,RESULT_699,OUTPUT,16,[15:0],-,-
TOP,Top_Level,RESULT_700,OUTPUT,16,[15:0],-,-
TOP,Top_Level,RESULT_701,OUTPUT,16,[15:0],-,-
TOP,Top_Level,RESULT_702,OUTPUT,16,[15:0],-,-
TOP,Top_Level,RESULT_703,OUTPUT,16,[15:0],-,-
TOP,Top_Level,RESULT_704,OUTPUT,16,[15:0],-,-
TOP,Top_Level,RESULT_705,OUTPUT,16,[15:0],-,-
TOP,Top_Level,RESULT_706,OUTPUT,16,[15:0],-,-
TOP,Top_Level,RESULT_707,OUTPUT,16,[15:0],-,-
TOP,Top_Level,RESULT_708,OUTPUT,16,[15:0],-,-
TOP,Top_Level,RESULT_709,OUTPUT,16,[15:0],-,-
TOP,Top_Level,RESULT_710,OUTPUT,16,[15:0],-,-
TOP,Top_Level,RESULT_711,OUTPUT,16,[15:0],-,-
TOP,Top_Level,RESULT_712,OUTPUT,16,[15:0],-,-
TOP,Top_Level,RESULT_713,OUTPUT,16,[15:0],-,-
TOP,Top_Level,RESULT_714,OUTPUT,16,[15:0],-,-
TOP,Top_Level,RESULT_715,OUTPUT,16,[15:0],-,-
TOP,Top_Level,RESULT_716,OUTPUT,16,[15:0],-,-
TOP,Top_Level,RESULT_717,OUTPUT,16,[15:0],-,-
TOP,Top_Level,RESULT_718,OUTPUT,16,[15:0],-,-
TOP,Top_Level,RESULT_719,OUTPUT,16,[15:0],-,-
TOP,Top_Level,RESULT_720,OUTPUT,16,[15:0],-,-
TOP,Top_Level,RESULT_721,OUTPUT,16,[15:0],-,-
TOP,Top_Level,RESULT_722,OUTPUT,16,[15:0],-,-
TOP,Top_Level,RESULT_723,OUTPUT,16,[15:0],-,-
TOP,Top_Level,RESULT_724,OUTPUT,16,[15:0],-,-
TOP,Top_Level,RESULT_725,OUTPUT,16,[15:0],-,-
TOP,Top_Level,RESULT_726,OUTPUT,16,[15:0],-,-
TOP,Top_Level,RESULT_727,OUTPUT,16,[15:0],-,-
TOP,Top_Level,RESULT_728,OUTPUT,16,[15:0],-,-
TOP,Top_Level,RESULT_729,OUTPUT,16,[15:0],-,-
TOP,Top_Level,RESULT_730,OUTPUT,16,[15:0],-,-
TOP,Top_Level,RESULT_731,OUTPUT,16,[15:0],-,-
TOP,Top_Level,RESULT_732,OUTPUT,16,[15:0],-,-
TOP,Top_Level,RESULT_733,OUTPUT,16,[15:0],-,-
TOP,Top_Level,RESULT_734,OUTPUT,16,[15:0],-,-
TOP,Top_Level,RESULT_735,OUTPUT,16,[15:0],-,-
TOP,Top_Level,RESULT_736,OUTPUT,16,[15:0],-,-
TOP,Top_Level,RESULT_737,OUTPUT,16,[15:0],-,-
TOP,Top_Level,RESULT_738,OUTPUT,16,[15:0],-,-
TOP,Top_Level,RESULT_739,OUTPUT,16,[15:0],-,-
TOP,Top_Level,RESULT_740,OUTPUT,16,[15:0],-,-
TOP,Top_Level,RESULT_741,OUTPUT,16,[15:0],-,-
TOP,Top_Level,RESULT_742,OUTPUT,16,[15:0],-,-
TOP,Top_Level,RESULT_743,OUTPUT,16,[15:0],-,-
TOP,Top_Level,RESULT_744,OUTPUT,16,[15:0],-,-
TOP,Top_Level,RESULT_745,OUTPUT,16,[15:0],-,-
TOP,Top_Level,RESULT_746,OUTPUT,16,[15:0],-,-
TOP,Top_Level,RESULT_747,OUTPUT,16,[15:0],-,-
TOP,Top_Level,RESULT_748,OUTPUT,16,[15:0],-,-
TOP,Top_Level,RESULT_749,OUTPUT,16,[15:0],-,-
TOP,Top_Level,RESULT_750,OUTPUT,16,[15:0],-,-
TOP,Top_Level,RESULT_751,OUTPUT,16,[15:0],-,-
TOP,Top_Level,RESULT_752,OUTPUT,16,[15:0],-,-
TOP,Top_Level,RESULT_753,OUTPUT,16,[15:0],-,-
TOP,Top_Level,RESULT_754,OUTPUT,16,[15:0],-,-
TOP,Top_Level,RESULT_755,OUTPUT,16,[15:0],-,-
TOP,Top_Level,RESULT_756,OUTPUT,16,[15:0],-,-
TOP,Top_Level,RESULT_757,OUTPUT,16,[15:0],-,-
TOP,Top_Level,RESULT_758,OUTPUT,16,[15:0],-,-
TOP,Top_Level,RESULT_759,OUTPUT,16,[15:0],-,-
TOP,Top_Level,RESULT_760,OUTPUT,16,[15:0],-,-
TOP,Top_Level,RESULT_761,OUTPUT,16,[15:0],-,-
TOP,Top_Level,RESULT_762,OUTPUT,16,[15:0],-,-
TOP,Top_Level,RESULT_763,OUTPUT,16,[15:0],-,-
TOP,Top_Level,RESULT_764,OUTPUT,16,[15:0],-,-
TOP,Top_Level,RESULT_765,OUTPUT,16,[15:0],-,-
TOP,Top_Level,RESULT_766,OUTPUT,16,[15:0],-,-
TOP,Top_Level,RESULT_767,OUTPUT,16,[15:0],-,-
TOP,Top_Level,RESULT_768,OUTPUT,16,[15:0],-,-
TOP,Top_Level,RESULT_769,OUTPUT,16,[15:0],-,-
TOP,Top_Level,RESULT_770,OUTPUT,16,[15:0],-,-
TOP,Top_Level,RESULT_771,OUTPUT,16,[15:0],-,-
TOP,Top_Level,RESULT_772,OUTPUT,16,[15:0],-,-
TOP,Top_Level,RESULT_773,OUTPUT,16,[15:0],-,-
TOP,Top_Level,RESULT_774,OUTPUT,16,[15:0],-,-
TOP,Top_Level,RESULT_775,OUTPUT,16,[15:0],-,-
TOP,Top_Level,RESULT_776,OUTPUT,16,[15:0],-,-
TOP,Top_Level,RESULT_777,OUTPUT,16,[15:0],-,-
TOP,Top_Level,RESULT_778,OUTPUT,16,[15:0],-,-
TOP,Top_Level,RESULT_779,OUTPUT,16,[15:0],-,-
TOP,Top_Level,RESULT_780,OUTPUT,16,[15:0],-,-
TOP,Top_Level,RESULT_781,OUTPUT,16,[15:0],-,-
TOP,Top_Level,RESULT_782,OUTPUT,16,[15:0],-,-
TOP,Top_Level,RESULT_783,OUTPUT,16,[15:0],-,-
TOP,Top_Level,RESULT_784,OUTPUT,16,[15:0],-,-
TOP,Top_Level,RESULT_785,OUTPUT,16,[15:0],-,-
TOP,Top_Level,RESULT_786,OUTPUT,16,[15:0],-,-
TOP,Top_Level,RESULT_787,OUTPUT,16,[15:0],-,-
TOP,Top_Level,RESULT_788,OUTPUT,16,[15:0],-,-
TOP,Top_Level,RESULT_789,OUTPUT,16,[15:0],-,-
TOP,Top_Level,RESULT_790,OUTPUT,16,[15:0],-,-
TOP,Top_Level,RESULT_791,OUTPUT,16,[15:0],-,-
TOP,Top_Level,RESULT_792,OUTPUT,16,[15:0],-,-
TOP,Top_Level,RESULT_793,OUTPUT,16,[15:0],-,-
TOP,Top_Level,RESULT_794,OUTPUT,16,[15:0],-,-
TOP,Top_Level,RESULT_795,OUTPUT,16,[15:0],-,-
TOP,Top_Level,RESULT_796,OUTPUT,16,[15:0],-,-
TOP,Top_Level,RESULT_797,OUTPUT,16,[15:0],-,-
TOP,Top_Level,RESULT_798,OUTPUT,16,[15:0],-,-
TOP,Top_Level,RESULT_799,OUTPUT,16,[15:0],-,-
TOP,Top_Level,RESULT_800,OUTPUT,16,[15:0],-,-
TOP,Top_Level,RESULT_801,OUTPUT,16,[15:0],-,-
TOP,Top_Level,RESULT_802,OUTPUT,16,[15:0],-,-
TOP,Top_Level,RESULT_803,OUTPUT,16,[15:0],-,-
TOP,Top_Level,RESULT_804,OUTPUT,16,[15:0],-,-
TOP,Top_Level,RESULT_805,OUTPUT,16,[15:0],-,-
TOP,Top_Level,RESULT_806,OUTPUT,16,[15:0],-,-
TOP,Top_Level,RESULT_807,OUTPUT,16,[15:0],-,-
TOP,Top_Level,RESULT_808,OUTPUT,16,[15:0],-,-
TOP,Top_Level,RESULT_809,OUTPUT,16,[15:0],-,-
TOP,Top_Level,RESULT_810,OUTPUT,16,[15:0],-,-
TOP,Top_Level,RESULT_811,OUTPUT,16,[15:0],-,-
TOP,Top_Level,RESULT_812,OUTPUT,16,[15:0],-,-
TOP,Top_Level,RESULT_813,OUTPUT,16,[15:0],-,-
TOP,Top_Level,RESULT_814,OUTPUT,16,[15:0],-,-
TOP,Top_Level,RESULT_815,OUTPUT,16,[15:0],-,-
TOP,Top_Level,RESULT_816,OUTPUT,16,[15:0],-,-
TOP,Top_Level,RESULT_817,OUTPUT,16,[15:0],-,-
TOP,Top_Level,RESULT_818,OUTPUT,16,[15:0],-,-
TOP,Top_Level,RESULT_819,OUTPUT,16,[15:0],-,-
TOP,Top_Level,RESULT_820,OUTPUT,16,[15:0],-,-
TOP,Top_Level,RESULT_821,OUTPUT,16,[15:0],-,-
TOP,Top_Level,RESULT_822,OUTPUT,16,[15:0],-,-
TOP,Top_Level,RESULT_823,OUTPUT,16,[15:0],-,-
TOP,Top_Level,RESULT_824,OUTPUT,16,[15:0],-,-
TOP,Top_Level,RESULT_825,OUTPUT,16,[15:0],-,-
TOP,Top_Level,RESULT_826,OUTPUT,16,[15:0],-,-
TOP,Top_Level,RESULT_827,OUTPUT,16,[15:0],-,-
TOP,Top_Level,RESULT_828,OUTPUT,16,[15:0],-,-
TOP,Top_Level,RESULT_829,OUTPUT,16,[15:0],-,-
TOP,Top_Level,RESULT_830,OUTPUT,16,[15:0],-,-
TOP,Top_Level,RESULT_831,OUTPUT,16,[15:0],-,-
TOP,Top_Level,RESULT_832,OUTPUT,16,[15:0],-,-
TOP,Top_Level,RESULT_833,OUTPUT,16,[15:0],-,-
TOP,Top_Level,RESULT_834,OUTPUT,16,[15:0],-,-
TOP,Top_Level,RESULT_835,OUTPUT,16,[15:0],-,-
TOP,Top_Level,RESULT_836,OUTPUT,16,[15:0],-,-
TOP,Top_Level,RESULT_837,OUTPUT,16,[15:0],-,-
TOP,Top_Level,RESULT_838,OUTPUT,16,[15:0],-,-
TOP,Top_Level,RESULT_839,OUTPUT,16,[15:0],-,-
TOP,Top_Level,RESULT_840,OUTPUT,16,[15:0],-,-
TOP,Top_Level,RESULT_841,OUTPUT,16,[15:0],-,-
TOP,Top_Level,RESULT_842,OUTPUT,16,[15:0],-,-
TOP,Top_Level,RESULT_843,OUTPUT,16,[15:0],-,-
TOP,Top_Level,RESULT_844,OUTPUT,16,[15:0],-,-
TOP,Top_Level,RESULT_845,OUTPUT,16,[15:0],-,-
TOP,Top_Level,RESULT_846,OUTPUT,16,[15:0],-,-
TOP,Top_Level,RESULT_847,OUTPUT,16,[15:0],-,-
TOP,Top_Level,RESULT_848,OUTPUT,16,[15:0],-,-
TOP,Top_Level,RESULT_849,OUTPUT,16,[15:0],-,-
TOP,Top_Level,RESULT_850,OUTPUT,16,[15:0],-,-
TOP,Top_Level,RESULT_851,OUTPUT,16,[15:0],-,-
TOP,Top_Level,RESULT_852,OUTPUT,16,[15:0],-,-
TOP,Top_Level,RESULT_853,OUTPUT,16,[15:0],-,-
TOP,Top_Level,RESULT_854,OUTPUT,16,[15:0],-,-
TOP,Top_Level,RESULT_855,OUTPUT,16,[15:0],-,-
TOP,Top_Level,RESULT_856,OUTPUT,16,[15:0],-,-
TOP,Top_Level,RESULT_857,OUTPUT,16,[15:0],-,-
TOP,Top_Level,RESULT_858,OUTPUT,16,[15:0],-,-
TOP,Top_Level,RESULT_859,OUTPUT,16,[15:0],-,-
TOP,Top_Level,RESULT_860,OUTPUT,16,[15:0],-,-
TOP,Top_Level,RESULT_861,OUTPUT,16,[15:0],-,-
TOP,Top_Level,RESULT_862,OUTPUT,16,[15:0],-,-
TOP,Top_Level,RESULT_863,OUTPUT,16,[15:0],-,-
TOP,Top_Level,RESULT_864,OUTPUT,16,[15:0],-,-
TOP,Top_Level,RESULT_865,OUTPUT,16,[15:0],-,-
TOP,Top_Level,RESULT_866,OUTPUT,16,[15:0],-,-
TOP,Top_Level,RESULT_867,OUTPUT,16,[15:0],-,-
TOP,Top_Level,RESULT_868,OUTPUT,16,[15:0],-,-
TOP,Top_Level,RESULT_869,OUTPUT,16,[15:0],-,-
TOP,Top_Level,RESULT_870,OUTPUT,16,[15:0],-,-
TOP,Top_Level,RESULT_871,OUTPUT,16,[15:0],-,-
TOP,Top_Level,RESULT_872,OUTPUT,16,[15:0],-,-
TOP,Top_Level,RESULT_873,OUTPUT,16,[15:0],-,-
TOP,Top_Level,RESULT_874,OUTPUT,16,[15:0],-,-
TOP,Top_Level,RESULT_875,OUTPUT,16,[15:0],-,-
TOP,Top_Level,RESULT_876,OUTPUT,16,[15:0],-,-
TOP,Top_Level,RESULT_877,OUTPUT,16,[15:0],-,-
TOP,Top_Level,RESULT_878,OUTPUT,16,[15:0],-,-
TOP,Top_Level,RESULT_879,OUTPUT,16,[15:0],-,-
TOP,Top_Level,RESULT_880,OUTPUT,16,[15:0],-,-
TOP,Top_Level,RESULT_881,OUTPUT,16,[15:0],-,-
TOP,Top_Level,RESULT_882,OUTPUT,16,[15:0],-,-
TOP,Top_Level,RESULT_883,OUTPUT,16,[15:0],-,-
TOP,Top_Level,RESULT_884,OUTPUT,16,[15:0],-,-
TOP,Top_Level,RESULT_885,OUTPUT,16,[15:0],-,-
TOP,Top_Level,RESULT_886,OUTPUT,16,[15:0],-,-
TOP,Top_Level,RESULT_887,OUTPUT,16,[15:0],-,-
TOP,Top_Level,RESULT_888,OUTPUT,16,[15:0],-,-
TOP,Top_Level,RESULT_889,OUTPUT,16,[15:0],-,-
TOP,Top_Level,RESULT_890,OUTPUT,16,[15:0],-,-
TOP,Top_Level,RESULT_891,OUTPUT,16,[15:0],-,-
TOP,Top_Level,RESULT_892,OUTPUT,16,[15:0],-,-
TOP,Top_Level,RESULT_893,OUTPUT,16,[15:0],-,-
TOP,Top_Level,RESULT_894,OUTPUT,16,[15:0],-,-
TOP,Top_Level,RESULT_895,OUTPUT,16,[15:0],-,-
